BLOC, Country                 , Price of mobile data and voice basket (HC)  (% of GNI PC), Price of mobile data and voice basket (HC)  (% of GNI PC), Price of cheapest smartphone (% of GNI per capita), Price of fixed broadband internet (% of GNI), Median Mobile Download Speeds (Mbps), Median Fixed Broadband Download Speed (Mbps), % of population using the internet, Mobile Cellular Subscriptions per 100 population, % of Population covered by LTE, % of population using smartphones users, % of internet users (16-64 years) using social media for work related activities, Percent of internet users using digital food delivery platforms, Percent of internet users using digital health applications, Percent of internet users using e-commerce users, Consumer Spend per internet user on Mobile Apps (millions USD)  PPP per internet user, Percent of internet users using video on demand users, Fixed-broadband Internet traffic per subscriber (GB), Mobile broadband internet traffic (GB per subscription), Value of digital payment transactions (PPP$ adjusted) per internet user, % of internet users who made or received a digital payment, Total digitally delivered services (million USD) as percent of GDP USD, ICT sector employment (% of Total Labour force), Number of Start-ups per limited liability company, Valuation of Unicorns as a percent of GDP, Total funding till date of Startups having their Head Quarters or atleast one office location in India per startup (Millions of USD), Consumer IoT revenues (USD PPP$ adjusted) per internet user, AR/ VR revenues (PPP$ adjusted) per smartphone user, Metaverse revenue (PPP$ adjusted) per smartphone user, DeFi revenue (millions of USD PPP$ adjusted) per internet user, Robotics revenue (millions of USD), Drones revenue (millions of USD), Crypto Index Score, "Cybersecurity revenue (PPP exchange rate adjusted ) in million $ , per internet users", Number of Secure servers per internet user, Ransomware attacks detected per month as a % of internet users, Ransomware victims per million internet users, Total number of email leaks (Quarterly average) (2022 Q3 - 2025 Q3), E-waste generated (kg per capita) - directly from source, E-waste generated (kg per internet user) - calculated as total divided by internet users, Share of energy startups that are digital, VC investments in AI and environmental sustainability by country (USD million) per capita, Patents filed (2000-2023) in Smart Grids as a % of enabling tech patents, Patents filed (2000-2023) in Information/Communication Technologies for Electromobility as a % of total patents filed, Share of total electricity generated that is renewable, Renewable energy share of electricity production (%), Relative AAL by Climate (% of Exposed value) for the Telecom Sector - Existing Climate, , , , , , , , , , , , , Number of AI users, Compute capacity, Open Data Score, AI Infrastructure, AI Infrastructure, Compute Capacity (Rmax) in Millions, Apps and Platforms, Development: Open Source models score, Relative AI Skill Penetration, AI Talent Pillar Score, Total AI Private Investment in Millions, Newly Funded AI Companies, AI commercial, AI Innovation - Research, AI Research and Development- score, Safety and security, Responsible AI - Conference Submissions on RAI Topics (Total), Public trust score
    , Algeria                 ,                                                      1.60,                                                      1.60, 0.21                                              ,                                         2.60,                                51.00,                                        54.00,                               0.80, 116.00                                          ,                          90.00,                                    0.82, -                                                                               ,                                                           19.45,                                                       12.26,                                            30.38, -                                                                                    ,                                                 75.94, "2,553.62"                                          , 114.40                                                 , -                                                                      , -                                                         ,                                                                   0.83, -                                              , 5.00                                             , -                                        , 0.86                                                                                                                                ,                                                       55.00, 5.00                                               , 11.77                                                , -                                                             ,                               1.00,                             0.18,               5.00,                                                                                   10.82,                                       0.01, 0.0011000                                                     ,                                          0.11,                                                                1.81,                                                     7.50,                                                                                     8.87, 0.00                                     , -                                                                                        ,                                                                     0.20, -                                                                                                                    , -                                                     ,                                                 1.00,                                                                                   0.14, , , , , , , , , , , , ,              12.00,             5.84,           28.00,             43.12, 14.00            , -                                  ,              52.21, 0.00                                 , -                            , 2.00                  , -                                      , -                        , 0.00         , 1.00                    , -                                 ,               33.33, -                                                            , 58.60
G20 , Argentina               ,                                                      0.90,                                                      0.90, 0.15                                              ,                                         6.70,                                60.00,                                       112.00,                               0.89, 140.00                                          ,                          98.00,                                    0.92, 37.60                                                                           ,                                                           62.28,                                                       26.09,                                            66.71, "1,355.34"                                                                           ,                                                 67.20, -                                                   , 60.80                                                  , "6,933.20"                                                             , 63.61                                                     ,                                                                   1.43, 1.48                                           , -                                                , 0.44                                     , 1.97                                                                                                                                ,                                                       73.00, 17.80                                              , 60.26                                                , 10.00                                                         ,                               8.00,                             1.30,              18.00,                                                                                   38.39,                                       0.28, 0.0002000                                                     ,                                          1.23,                                                               15.42,                                                    11.40,                                                                                    12.73, 0.00                                     , 43.77                                                                                    ,                                                                     0.06, 0.11                                                                                                                 , 0.31                                                  ,                                                39.70,                                                                                   0.09, , , , , , , , , , , , ,              19.60,            11.28,           59.00,             50.26, 18.00            , -                                  ,              49.15, 0.50                                 , -                            , 7.00                  , -                                      , -                        , 2.00         , 1.00                    , -                                 ,               93.00, -                                                            , 43.20
G20 , Australia               ,                                                      0.50,                                                      0.50, 0.03                                              ,                                         1.10,                               124.00,                                       165.00,                               0.94, 113.00                                          ,                          89.00,                                    1.02, 29.40                                                                           ,                                                           53.24,                                                       37.74,                                            90.98, "13,079.63"                                                                          ,                                                 62.78, "5,104.33"                                          , 161.70                                                 , "7,659.22"                                                             , 86.97                                                     ,                                                                   1.47, 3.50                                           , 41.00                                            , 2.72                                     , 1.56                                                                                                                                ,                                                      209.00, 69.80                                              , 78.18                                                , 9.00                                                          ,                              31.00,                             4.30,               6.00,                                                                                  179.55,                                       1.28, 0.0005000                                                     ,                                          4.85,                                                               39.09,                                                    22.40,                                                                                    23.16, 0.19                                     , "2,508.12"                                                                               ,                                                                     0.07, 0.07                                                                                                                 , 0.11                                                  ,                                                33.60,                                                                                   0.12, , , , , , , , , , , , ,              36.90,            40.81,           77.00,             70.02, 22.00            , 55.23                              ,              71.12, 0.40                                 , 0.85                         , 17.00                 , 0.02                                   , 0.01                     , 11.00        , 14.00                   , 4.42                              ,              100.00, 23.00                                                        , 16.20
    , Austria                 ,                                                      0.20,                                                      0.20, -%                                                ,                                         0.70,                               113.00,                                       114.00,                               0.94, 125.00                                          ,                          98.00,                                    0.92, 21.60                                                                           ,                                                           73.21,                                                       39.51,                                            69.73, "9,247.21"                                                                           ,                                                 48.81, "2,559.29"                                          , 430.60                                                 , "5,981.48"                                                             , 67.05                                                     ,                                                                   8.09, 3.62                                           , 156.00                                           , 1.45                                     , 1.13                                                                                                                                ,                                                      337.00, 39.00                                              , 79.64                                                , 16.00                                                         ,                              74.00,                             2.23,               2.00,                                                                                   85.16,                                       0.46, 0.0009000                                                     ,                                          4.42,                                                               11.40,                                                    19.60,                                                                                    20.34, 0.43                                     , "6,249.44"                                                                               ,                                                                     0.03, 0.04                                                                                                                 , 0.29                                                  ,                                                80.10,                                                                                   0.17, , , , , , , , , , , , ,              31.40,            17.43,           72.00,             61.39, 22.00            , 29.26                              ,              67.33, 0.00                                 , 0.58                         , 15.00                 , 0.29                                   , 0.08                     , 6.00         , 9.00                    , 0.69                              ,               86.67, 7.00                                                         , 35.10
    , Bangladesh              ,                                                      1.30,                                                      1.20, 0.08                                              ,                                         1.20,                                41.00,                                        64.00,                               0.49, 108.00                                          ,                         100.00,                                    0.38, -                                                                               ,                                                           18.89,                                                        8.55,                                            22.69, -                                                                                    ,                                                 49.78, "1,146.72"                                          , 148.00                                                 , "2,305.44"                                                             , 21.89                                                     ,                                                                   0.45, 0.34                                           , 58.00                                            , -                                        , 0.23                                                                                                                                ,                                                       43.00, 3.40                                               , 26.71                                                , -                                                             ,                               2.00,                             0.15,               7.00,                                                                                    9.11,                                       0.19, 0.0001000                                                     ,                                          0.08,                                                                2.80,                                                     2.20,                                                                                     4.36, 0.33                                     , -                                                                                        ,                                                                     0.05, -                                                                                                                    , -                                                     ,                                                 2.10,                                                                                   0.72, , , , , , , , , , , , ,               7.10,             8.31,           46.00,             39.02, 12.00            , -                                  ,              47.53, 0.20                                 , -                            , 2.00                  , -                                      , -                        , 0.00         , 1.00                    , -                                 ,               33.33, -                                                            , 81.10
    , Belgium                 ,                                                      0.40,                                                      0.40, 0.01                                              ,                                         0.90,                               123.00,                                       139.00,                               0.95, 104.00                                          ,                         100.00,                                    0.96, 19.80                                                                           ,                                                           59.82,                                                       40.18,                                            83.93, "6,996.33"                                                                           ,                                                 75.89, "3,354.96"                                          , 102.50                                                 , "8,244.49"                                                             , 79.91                                                     ,                                                                  14.84, 3.69                                           , 53.00                                            , 1.79                                     , 2.12                                                                                                                                ,                                                      259.00, 26.00                                              , 64.91                                                , 12.00                                                         ,                             179.00,                             1.62,               2.00,                                                                                   82.61,                                       0.46, 0.0002000                                                     ,                                          3.66,                                                               47.63,                                                    21.70,                                                                                    22.50, 0.50                                     , -                                                                                        ,                                                                     0.07, 0.06                                                                                                                 , 0.09                                                  ,                                                32.80,                                                                                   0.08, , , , , , , , , , , , ,              36.00,            17.20,           54.00,             58.83, 20.00            , 2.78                               ,              72.56, 0.30                                 , 0.58                         , 16.00                 , 0.03                                   , 0.02                     , 9.00         , 6.00                    , 0.61                              ,               66.67, 7.00                                                         , 8.10
G20 , Brazil                  ,                                                      0.70,                                                      0.70, 0.07                                              ,                                         2.20,                               260.00,                                       222.00,                               0.86, 102.00                                          ,                          93.00,                                    0.73, 49.10                                                                           ,                                                           57.31,                                                       13.57,                                            91.26, "2,363.26"                                                                           ,                                                 83.08, "1,884.52"                                          , 69.10                                                  , "6,445.66"                                                             , 71.10                                                     ,                                                                   1.48, 1.64                                           , 8.00                                             , 1.70                                     , 2.22                                                                                                                                ,                                                      102.00, 21.10                                              , 33.49                                                , 6.00                                                          ,                               7.00,                             0.43,              27.00,                                                                                   34.70,                                       1.71, 0.0016000                                                     ,                                          0.77,                                                                7.12,                                                    11.40,                                                                                    13.42, 0.29                                     , 391.51                                                                                   ,                                                                     0.05, 0.06                                                                                                                 , 0.83                                                  ,                                                89.00,                                                                                   0.09, , , , , , , , , , , , ,              17.10,            38.57,           69.00,             65.50, 22.00            , 67.91                              ,              59.17, 1.10                                 , 1.20                         , 12.00                 , 0.03                                   , 0.00                     , 7.00         , 3.00                    , 2.92                              ,               83.33, 15.00                                                        , 64.90
G20 , Bulgaria                ,                                                      0.60,                                                      0.90, 0.08                                              ,                                         1.00,                               289.00,                                        91.00,                               0.81, 118.00                                          ,                         100.00,                                    0.82, 38.90                                                                           ,                                                           51.19,                                                       18.28,                                            49.37, "4,701.94"                                                                           ,                                                 63.99, "3,247.93"                                          , 195.60                                                 , "4,627.47"                                                             , 41.87                                                     ,                                                                   7.74, 3.78                                           , 8.00                                             , -                                        , 0.71                                                                                                                                ,                                                      143.00, -                                                  , -                                                    , 2.00                                                          ,                              18.00,                             1.82,               3.00,                                                                                   31.61,                                       0.40, 0.0026000                                                     ,                                          0.91,                                                                5.92,                                                    13.20,                                                                                    16.46, 1.00                                     , -                                                                                        ,                                                                     0.01, 0.00                                                                                                                 , 0.23                                                  ,                                                25.00,                                                                                   0.18, , , , , , , , , , , , ,              27.30,            10.39,           73.00,             53.93, 18.00            , -                                  ,              51.14, 0.00                                 , -                            , 6.00                  , -                                      , -                        , 1.00         , 2.00                    , -                                 ,               66.67, -                                                            , 36.90
    , Canada                  ,                                                      0.50,                                                      0.50, 0.02                                              ,                                         1.70,                               104.00,                                       267.00,                               0.95, 94.00                                           ,                         100.00,                                    0.96, 25.50                                                                           ,                                                           72.53,                                                       33.74,                                            85.82, "9,981.22"                                                                           ,                                                 89.80, "5,005.92"                                          , 98.10                                                  , "9,175.08"                                                             , 77.87                                                     ,                                                                   4.11, 3.52                                           , 172.00                                           , 2.56                                     , 2.30                                                                                                                                ,                                                      185.00, 37.30                                              , 77.12                                                , 8.00                                                          ,                              43.00,                             1.36,              13.00,                                                                                  124.25,                                       1.73, 0.0002000                                                     ,                                          9.30,                                                               53.42,                                                    20.20,                                                                                    20.56, 0.40                                     , "5,107.89"                                                                               ,                                                                     0.05, 0.07                                                                                                                 , 0.32                                                  ,                                                66.20,                                                                                   0.06, , , , , , , , , , , , ,              35.00,            44.24,           78.00,             72.32, 27.00            , 38.93                              ,              70.46, 6.90                                 , 1.13                         , 26.00                 , 0.13                                   , 0.04                     , 23.00        , 15.00                   , 6.46                              ,               66.67, 55.00                                                        , 8.10
G20 , Chile                   ,                                                      0.50,                                                      0.60, 0.08                                              ,                                         1.80,                                90.00,                                       348.00,                               0.91, 133.00                                          ,                          96.00,                                    0.77, 43.50                                                                           ,                                                           43.30,                                                       49.96,                                            75.49, "4,474.86"                                                                           ,                                                 81.60, "7,077.43"                                          , 301.80                                                 , "5,649.87"                                                             , 72.16                                                     ,                                                                   1.30, 2.18                                           , 12.00                                            , 0.76                                     , 3.83                                                                                                                                ,                                                      112.00, 25.80                                              , 51.36                                                , 11.00                                                         ,                               8.00,                             1.23,               3.00,                                                                                   32.86,                                       0.26, 0.0002000                                                     ,                                          1.05,                                                                8.12,                                                    11.70,                                                                                    12.77, 1.00                                     , 0.00                                                                                     ,                                                                     0.06, 0.09                                                                                                                 , 0.25                                                  ,                                                63.20,                                                                                   0.33, , , , , , , , , , , , ,              20.80,            18.18,           67.00,             57.77, 25.00            , -                                  ,              52.95, 0.10                                 , -                            , 5.00                  , -                                      , -                        , 6.00         , 1.00                    ,                                   ,               55.33, -                                                            , 40.50
    , China                   ,                                                      0.60,                                                      0.40, 0.16                                              ,                                         0.40,                               164.00,                                       221.00,                               0.89, 132.00                                          ,                         100.00,                                    0.80, 43.80                                                                           ,                                                           84.13,                                                       15.81,                                            83.64, "2,196.93"                                                                           ,                                                 80.12, "3,298.93"                                          , 185.10                                                 , "16,805.67"                                                            , 79.45                                                     ,                                                                   1.31, -                                              , 46.00                                            , 3.66                                     , 8.52                                                                                                                                ,                                                      212.00, 20.60                                              , 46.57                                                , -                                                             ,                              15.00,                             2.68,              13.00,                                                                                   26.31,                                       2.24, 0.0002000                                                     ,                                          0.03,                                                                0.57,                                                     8.50,                                                                                     9.58, 0.00                                     , 402.31                                                                                   ,                                                                     0.03, 0.04                                                                                                                 , 0.30                                                  ,                                                30.10,                                                                                   0.39, , , , , , , , , , , , ,              16.30,            80.66,           39.00,             78.36, 66.00            , 319.06                             ,              77.74, 26.20                                , -                            , 26.00                 , 0.05                                   , 0.04                     , 48.00        , 54.00                   , 62.01                             ,              100.00, 268.00                                                       , 35.10
    , Colombia                ,                                                      1.20,                                                      1.20, 0.14                                              ,                                         2.90,                                43.00,                                       207.00,                               0.80, 174.00                                          ,                         100.00,                                    0.73, 44.60                                                                           ,                                                           36.86,                                                       16.54,                                            44.90, "1,040.27"                                                                           ,                                                 80.34, 876.02                                              , 106.00                                                 , -                                                                      , -                                                         ,                                                                   1.35, 1.50                                           , 21.00                                            , 2.01                                     , 2.07                                                                                                                                ,                                                       68.00, 12.50                                              , 31.15                                                , 10.00                                                         ,                               9.00,                             0.61,               7.00,                                                                                   22.48,                                       0.07, 0.0009000                                                     ,                                          1.13,                                                                6.54,                                                     7.50,                                                                                     9.17, 1.00                                     , 170.18                                                                                   ,                                                                     0.06, 0.09                                                                                                                 , 0.36                                                  ,                                                67.20,                                                                                   0.23, , , , , , , , , , , , ,              22.00,            11.28,           67.00,             53.74, 19.00            , -                                  ,              51.58, 0.00                                 , -                            , 5.00                  , -                                      , -                        , 1.00         , 0.00                    , -                                 ,               50.00, -                                                            , 54.10
    , Costa Rica              ,                                                      0.80,                                                      0.80, 0.05                                              ,                                         2.90,                                71.00,                                       156.00,                               0.87, 136.00                                          ,                          95.00,                                    0.74, -                                                                               ,                                                           35.74,                                                       35.74,                                            40.20, -                                                                                    ,                                                 69.24, "4,796.43"                                          , 89.80                                                  , "3,544.42"                                                             , 38.42                                                     ,                                                                   9.99, 2.13                                           , 7.00                                             , -                                        , 0.39                                                                                                                                ,                                                      110.00, -                                                  , -                                                    , 1.00                                                          ,                               8.00,                             0.64,               1.00,                                                                                   40.77,                                       0.01, 0.0003000                                                     ,                                          1.56,                                                               11.15,                                                    12.70,                                                                                    14.74, -                                        , -                                                                                        ,                                                                     0.04, 0.11                                                                                                                 , 0.47                                                  ,                                                95.00,                                                                                   0.55, , , , , , , , , , , , ,              26.50,             7.69,           67.00,             43.32, -                , -                                  ,              32.22, -                                    , -                            , -                     , -                                      , -                        , -            , -                       , -                                 ,               62.33, -                                                            , -
    , Croatia                 ,                                                      0.40,                                                      0.40, 0.04                                              ,                                         0.40,                               150.00,                                       124.00,                               0.86, 122.00                                          ,                         100.00,                                    0.91, 28.30                                                                           ,                                                           63.36,                                                       42.24,                                            51.29, "7,791.78"                                                                           ,                                                 63.36, "4,341.74"                                          , 279.90                                                 , "6,386.01"                                                             , 50.08                                                     ,                                                                   6.01, 4.29                                           , 161.00                                           , 3.24                                     , 0.27                                                                                                                                ,                                                      136.00, -                                                  , -                                                    , 1.00                                                          ,                              19.00,                             1.80,               1.00,                                                                                   64.88,                                       0.13, 0.0004000                                                     ,                                          2.11,                                                                4.87,                                                    13.30,                                                                                    16.29, 0.00                                     , "6,451.07"                                                                               ,                                                                     0.06, 0.10                                                                                                                 , 0.70                                                  ,                                                69.70,                                                                                   0.20, , , , , , , , , , , , ,              23.70,             8.50,           60.00,             52.04, 16.00            , -                                  ,              50.46, 0.00                                 , -                            , 6.00                  , -                                      , -                        , 16.00        , 2.00                    , -                                 ,               33.33, -                                                            , 36.90
    , Czechia                 ,                                                      0.80,                                                      0.80, 0.03                                              ,                                         1.00,                                99.00,                                        89.00,                               0.90, 127.00                                          ,                         100.00,                                    0.94, 23.90                                                                           ,                                                           52.62,                                                       19.61,                                            69.13, "6,074.13"                                                                           ,                                                 49.53, "4,367.44"                                          , 149.70                                                 , "5,179.13"                                                             , 66.04                                                     ,                                                                   5.77, 3.39                                           , 27.00                                            , 0.35                                     , 0.62                                                                                                                                ,                                                      167.00, 29.60                                              , 44.39                                                , 14.00                                                         ,                              54.00,                             2.15,               3.00,                                                                                   66.16,                                       0.96, 0.0003000                                                     ,                                          2.58,                                                                7.95,                                                    16.50,                                                                                    17.85, 0.17                                     , "4,098.41"                                                                               ,                                                                     0.04, 0.03                                                                                                                 , 0.06                                                  ,                                                14.50,                                                                                   0.14, , , , , , , , , , , , ,              27.80,            15.76,           63.00,             58.61, 19.00            , -                                  ,              61.48, 0.00                                 , -                            , 10.00                 , -                                      , -                        , 4.00         , 4.00                    , -                                 ,               66.67, -                                                            , 44.10
    , Denmark                 ,                                                      0.40,                                                      0.20, 0.04                                              ,                                         0.70,                               182.00,                                       272.00,                               0.99, 127.00                                          ,                         100.00,                                    1.01, 22.40                                                                           ,                                                           72.68,                                                       59.16,                                            82.83, "10,335.09"                                                                          ,                                                 64.23, "5,023.69"                                          , 273.30                                                 , "11,185.62"                                                            , 76.23                                                     ,                                                                   9.78, 3.87                                           , 61.00                                            , 1.58                                     , 2.36                                                                                                                                ,                                                      300.00, 40.30                                              , 83.32                                                , 12.00                                                         ,                              63.00,                             4.09,               1.00,                                                                                   89.14,                                       1.49, 0.0002000                                                     ,                                          4.90,                                                               10.05,                                                    22.30,                                                                                    22.14, 0.19                                     , 334.59                                                                                   ,                                                                     0.07, 0.09                                                                                                                 , 0.22                                                  ,                                                86.60,                                                                                   0.03, , , , , , , , , , , , ,              28.70,            12.74,           89.00,             59.51, 25.00            , 66.59                              ,              67.23, 0.00                                 , 0.57                         , 17.00                 , 0.03                                   , 0.04                     , 9.00         , 7.00                    , 0.64                              ,              100.00, 7.00                                                         , 37.80
G20 , Dominican Republic      ,                                                      2.70,                                                      1.30, 0.08                                              ,                                         2.00,                               165.00,                                        72.00,                               0.90, 94.00                                           ,                          98.00,                                    0.77, -                                                                               ,                                                           36.88,                                                       15.53,                                            38.82, -                                                                                    ,                                                 63.08, "4,905.23"                                          , 149.50                                                 , "3,013.34"                                                             , 36.88                                                     ,                                                                   1.36, 1.14                                           , -                                                , -                                        , 0.30                                                                                                                                ,                                                      105.00, 16.50                                              , 33.09                                                , -                                                             ,                               6.00,                             1.14,               1.00,                                                                                   34.09,                                       0.00, 0.0001000                                                     ,                                          0.87,                                                                2.89,                                                     8.80,                                                                                     9.61, 0.00                                     , -                                                                                        ,                                                                     0.07, 0.10                                                                                                                 , -                                                     ,                                                17.20,                                                                                   0.99, , , , , , , , , , , , ,              22.70,             4.16,           62.00,             36.86, -                , -                                  ,              38.98, -                                    , -                            , -                     , -                                      , -                        , -            , -                       , -                                 ,               33.33, -                                                            , -
G20 , Ecuador                 ,                                                      2.20,                                                      2.60, 0.29                                              ,                                         4.60,                                53.00,                                       150.00,                               0.80, 101.00                                          ,                          96.00,                                    0.54, -                                                                               ,                                                           22.07,                                                       13.79,                                            30.34, -                                                                                    ,                                                 77.92, "1,943.91"                                          , 77.50                                                  , "1,911.19"                                                             , 27.31                                                     ,                                                                   0.48, 0.79                                           , 23.00                                            , 1.20                                     , 0.82                                                                                                                                ,                                                       52.00, -                                                  , -                                                    , 3.00                                                          ,                               4.00,                             0.35,               2.00,                                                                                   13.18,                                       0.01, 0.0002000                                                     ,                                          0.62,                                                                3.45,                                                     6.00,                                                                                     7.45, 0.00                                     , -                                                                                        ,                                                                     0.04, 0.06                                                                                                                 , -                                                     ,                                                73.40,                                                                                   0.28, , , , , , , , , , , , ,              17.70,             6.90,           64.00,             47.34, -                , -                                  ,              22.37, -                                    , -                            , -                     , -                                      , -                        , -            , -                       , -                                 ,               66.67, -                                                            , -
    , Egypt                   ,                                                      1.90,                                                      0.70, 0.22                                              ,                                         2.50,                                45.00,                                        92.00,                               0.65, 97.00                                           ,                          98.00,                                    0.75, 39.70                                                                           ,                                                           31.66,                                                       10.47,                                            40.41, "1,370.82"                                                                           ,                                                 69.03, "1,558.01"                                          , 56.20                                                  , "3,374.24"                                                             , 38.41                                                     ,                                                                   1.39, 0.67                                           , 141.00                                           , 0.26                                     , 1.87                                                                                                                                ,                                                       45.00, 14.50                                              , 42.83                                                , 17.00                                                         ,                               6.00,                             0.20,               5.00,                                                                                   15.30,                                       0.01, 0.0091000                                                     ,                                          0.32,                                                                1.32,                                                     6.30,                                                                                     9.17, 1.00                                     , 102.97                                                                                   ,                                                                     0.03, 0.05                                                                                                                 , -                                                     ,                                                11.80,                                                                                   0.18, , , , , , , , , , , , ,              13.40,             7.91,           53.00,             47.71, 16.00            , -                                  ,              59.25, 0.00                                 , -                            , 5.00                  , -                                      , -                        , 2.00         , 2.00                    , -                                 ,               83.33, -                                                            , 60.40
    , Ethiopia                ,                                                      4.80,                                                      1.70, -                                                 ,                                        12.40,                                 9.00,                                        13.00,                               0.18, 65.00                                           ,                          44.00,                                    0.14, -                                                                               ,                                                           49.17,                                                       51.71,                                            45.35, -                                                                                    ,                                                176.74, "1,670.22"                                          , 22.50                                                  , "2,359.94"                                                             , 43.91                                                     ,                                                                   0.19, 0.19                                           , 7.00                                             , -                                        , 0.91                                                                                                                                ,                                                       90.00, -                                                  , -                                                    , 3.00                                                          ,                               1.00,                             0.22,              10.00,                                                                                    7.80,                                       0.02, 0.0001000                                                     ,                                          0.04,                                                                0.60,                                                     0.70,                                                                                     3.73, 0.00                                     , -                                                                                        ,                                                                     0.05, -                                                                                                                    , -                                                     ,                                               100.00,                                                                                   0.08, , , , , , , , , , , , ,               6.80,             5.37,           44.00,             28.45, 1.00             , -                                  ,              45.22, 0.00                                 , -                            , 1.00                  , -                                      , -                        , 1.00         , 0.00                    , -                                 ,               66.67, -                                                            , 36.90
    , Finland                 ,                                                      0.60,                                                      0.40, 0.02                                              ,                                         1.00,                               147.00,                                       164.00,                               0.94, 126.00                                          ,                         100.00,                                    0.98, -                                                                               ,                                                           60.72,                                                       55.03,                                            85.39, "7,017.38"                                                                           ,                                                 62.62, "3,318.69"                                          , 531.70                                                 , "11,555.13"                                                            , 81.40                                                     ,                                                                   9.81, 4.55                                           , 39.00                                            , 4.99                                     , 2.30                                                                                                                                ,                                                      249.00, 33.20                                              , 83.76                                                , 8.00                                                          ,                              39.00,                             2.21,               2.00,                                                                                   82.49,                                       1.07, 0.0014000                                                     ,                                          3.04,                                                                7.07,                                                    21.30,                                                                                    22.39, 0.13                                     , "35,070.16"                                                                              ,                                                                     0.06, 0.06                                                                                                                 , 0.18                                                  ,                                                51.90,                                                                                   0.02, , , , , , , , , , , , ,              27.80,            19.27,           89.00,             61.63, 33.00            , 391.39                             ,              73.78, 6.70                                 , 0.53                         , 17.00                 , 0.02                                   , 0.03                     , 13.00        , 9.00                    , 0.92                              ,               33.33, 5.00                                                         , 36.90
G20 , France                  ,                                                      0.30,                                                      0.30, 0.01                                              ,                                         0.90,                               150.00,                                       349.00,                               0.93, -                                               ,                          99.00,                                    0.90, 18.70                                                                           ,                                                           51.15,                                                       34.59,                                            68.85, "6,506.22"                                                                           ,                                                 85.09, -                                                   , 204.90                                                 , "9,326.35"                                                             , 65.98                                                     ,                                                                   6.75, 3.25                                           , 28.00                                            , 2.31                                     , 3.39                                                                                                                                ,                                                      222.00, 46.80                                              , 78.83                                                , 6.00                                                          ,                              45.00,                             3.92,              11.00,                                                                                  139.74,                                       4.24, 0.0003000                                                     ,                                          2.91,                                                              163.67,                                                    22.40,                                                                                    23.47, 0.18                                     , "8,159.46"                                                                               ,                                                                     0.03, 0.04                                                                                                                 , 0.10                                                  ,                                                26.60,                                                                                   0.10, , , , , , , , , , , , ,              44.00,            51.11,           63.00,             76.27, 31.00            , 298.09                             ,              70.44, 40.00                                , 0.98                         , 25.00                 , 0.08                                   , 0.02                     , 19.00        , 18.00                   , 5.69                              ,              100.00, 25.00                                                        , 2.70
G20 , Germany                 ,                                                      0.20,                                                      0.20, 0.05                                              ,                                         0.70,                                77.00,                                       102.00,                               0.94, 129.00                                          ,                         100.00,                                    0.90, 17.50                                                                           ,                                                           60.21,                                                       37.51,                                            71.50, "7,528.99"                                                                           ,                                                 87.18, "3,863.94"                                          , 116.40                                                 , "5,621.77"                                                             , 68.32                                                     ,                                                                   6.58, 4.06                                           , 948.00                                           , 1.84                                     , 0.46                                                                                                                                ,                                                      264.00, 44.20                                              , 78.05                                                , 8.00                                                          ,                              74.00,                             2.20,              11.00,                                                                                  129.23,                                      13.47, 0.0008000                                                     ,                                          4.11,                                                               58.27,                                                    21.20,                                                                                    22.16, 0.41                                     , 35.48                                                                                    ,                                                                     0.02, 0.05                                                                                                                 , 0.17                                                  ,                                                52.80,                                                                                   0.09, , , , , , , , , , , , ,              28.60,            56.98,           79.00,             73.28, 32.00            , 399.73                             ,              74.10, 10.60                                , 0.98                         , 35.00                 , 0.04                                   , 0.10                     , 17.00        , 16.00                   , 7.74                              ,               83.33, 80.00                                                        , 24.30
    , Ghana                   ,                                                      3.80,                                                      0.70, -                                                 ,                                         3.70,                                50.00,                                        54.00,                               0.63, 114.00                                          ,                          99.00,                                    0.87, 61.10                                                                           ,                                                           18.31,                                                       10.98,                                            43.02, 697.19                                                                               ,                                                 54.00, "1,857.99"                                          , 111.50                                                 , "1,447.82"                                                             , 44.99                                                     ,                                                                   6.62, 0.80                                           , 21.00                                            , -                                        , 0.93                                                                                                                                ,                                                       27.00, -                                                  , -                                                    , -                                                             ,                               1.00,                             0.33,               5.00,                                                                                    7.09,                                       0.00, 0.0001000                                                     ,                                          0.05,                                                                1.26,                                                     2.20,                                                                                     3.30, 1.00                                     , 58.09                                                                                    ,                                                                     0.05, -                                                                                                                    , -                                                     ,                                                36.20,                                                                                   0.04, , , , , , , , , , , , ,               9.30,             6.59,           54.00,             46.12, 11.00            , -                                  ,              47.92, 0.00                                 , -                            , 1.00                  , -                                      , -                        , 1.00         , 0.00                    , -                                 ,               50.00, -                                                            , 36.90
    , Greece                  ,                                                      0.80,                                                      0.70, 0.04                                              ,                                         1.50,                               136.00,                                        92.00,                               0.89, 113.00                                          ,                         100.00,                                    0.90, 40.70                                                                           ,                                                           35.89,                                                       69.53,                                            52.71, "4,978.79"                                                                           ,                                                 56.08, "2,856.61"                                          , 205.00                                                 , "4,396.46"                                                             , 49.91                                                     ,                                                                   3.09, 9.62                                           , 84.00                                            , 1.28                                     , 1.56                                                                                                                                ,                                                      149.00, 21.10                                              , 41.94                                                , 21.00                                                         ,                              11.00,                             0.31,               3.00,                                                                                   30.21,                                       0.18, 0.0010000                                                     ,                                          2.24,                                                                9.79,                                                    18.60,                                                                                    21.76, 1.00                                     , 199.05                                                                                   ,                                                                     0.05, 0.03                                                                                                                 , 0.14                                                  ,                                                48.90,                                                                                   0.23, , , , , , , , , , , , ,              19.10,             9.40,           51.00,             52.39, 20.00            , -                                  ,              53.70, 0.30                                 , -                            , 10.00                 , -                                      , -                        , 7.00         , 5.00                    , -                                 ,               66.67, -                                                            , 36.90
    , Guatemala               ,                                                      2.90,                                                      2.90, 0.06                                              ,                                         5.60,                                59.00,                                        91.00,                               0.66, 112.00                                          ,                          99.00,                                    0.55, -                                                                               ,                                                           21.51,                                                       14.06,                                            34.75, -                                                                                    ,                                                101.75, "2,928.91"                                          , 89.30                                                  , "2,174.48"                                                             , 30.03                                                     ,                                                                   1.36, 0.49                                           , 8.00                                             , -                                        , 2.00                                                                                                                                ,                                                       75.00, -                                                  , -                                                    , 2.00                                                          ,                               5.00,                             0.96,               0.00,                                                                                   14.00,                                       0.00, 0.0000000                                                     ,                                          0.58,                                                                3.48,                                                     5.20,                                                                                     7.61, 1.00                                     , -                                                                                        ,                                                                     0.00, 0.00                                                                                                                 , -                                                     ,                                                68.90,                                                                                   0.49, , , , , , , , , , , , ,              14.80,             6.24,           55.00,             37.87, -                , -                                  ,              14.46, -                                    , -                            , -                     , -                                      , -                        , -            , -                       , -                                 ,               26.33, -                                                            , -
    , Hungary                 ,                                                      1.20,                                                      0.70, 0.06                                              ,                                         0.90,                                87.00,                                       240.00,                               0.92, 104.00                                          ,                          99.00,                                    0.93, 28.30                                                                           ,                                                           42.54,                                                       30.23,                                            52.62, "4,681.23"                                                                           ,                                                 64.94, "2,825.69"                                          , 193.60                                                 , "4,415.54"                                                             , 40.31                                                     ,                                                                   7.04, 3.64                                           , 21.00                                            , -                                        , 0.95                                                                                                                                ,                                                      143.00, 24.30                                              , 38.92                                                , 13.00                                                         ,                              23.00,                             1.10,               3.00,                                                                                   49.32,                                       0.57, 0.0003000                                                     ,                                          0.67,                                                               13.75,                                                    14.30,                                                                                    15.45, 0.00                                     , -                                                                                        ,                                                                     0.03, 0.07                                                                                                                 , 0.05                                                  ,                                                26.40,                                                                                   0.25, , , , , , , , , , , , ,              29.80,             8.98,           78.00,             56.02, 23.00            , -                                  ,              51.29, 0.00                                 , -                            , 7.00                  , -                                      , -                        , 5.00         , 2.00                    , -                                 ,               50.00, -                                                            , 27.00
G20 , India                   ,                                                      1.30,                                                      1.00, 0.32                                              ,                                         2.50,                               132.00,                                        62.00,                               0.55, 79.00                                           ,                          99.00,                                    0.58, 41.80                                                                           ,                                                           54.52,                                                       17.68,                                            48.90, 419.00                                                                               ,                                                 64.87, "2,564.59"                                          , 241.20                                                 , "9,332.00"                                                             , 42.10                                                     ,                                                                   8.38, 1.09                                           , 355.00                                           , 4.19                                     , 0.97                                                                                                                                ,                                                       70.00, 6.20                                               , 20.85                                                , 9.00                                                          ,                               3.00,                             0.15,             100.00,                                                                                   16.40,                                       3.18, 0.0000000                                                     ,                                          0.17,                                                                9.01,                                                     2.90,                                                                                     5.15, 0.21                                     , 0.00                                                                                     ,                                                                     0.07, 0.06                                                                                                                 , 0.21                                                  ,                                                19.90,                                                                                   0.39, , , , , , , , , , , , ,              15.70,            48.50,           54.00,             63.31, 15.00            , 29.41                              ,              61.15, 0.70                                 , 1.98                         , 42.00                 , 0.03                                   , 0.04                     , 14.00        , 10.00                   , 25.67                             ,               83.33, 42.00                                                        , 83.80
G20 , Indonesia               ,                                                      1.20,                                                      1.30, -                                                 ,                                         2.60,                                53.00,                                        44.00,                               0.72, 122.00                                          ,                          99.00,                                    0.80, 40.90                                                                           ,                                                           58.33,                                                       16.21,                                            46.26, "1,439.59"                                                                           ,                                                 76.65, "1,509.33"                                          , 126.30                                                 , "6,214.37"                                                             , 46.32                                                     ,                                                                   0.85, 0.77                                           , 20.00                                            , 0.74                                     , 2.15                                                                                                                                ,                                                       86.00, 9.50                                               , 25.19                                                , 13.00                                                         ,                               3.00,                             0.13,              68.00,                                                                                   41.58,                                       1.16, 0.0002000                                                     ,                                          0.20,                                                                3.90,                                                     6.90,                                                                                     9.29, 1.00                                     , 35.27                                                                                    ,                                                                     0.03, 0.08                                                                                                                 , -                                                     ,                                                18.50,                                                                                   0.21, , , , , , , , , , , , ,              12.70,            21.15,           74.00,             60.28, 14.00            , -                                  ,              64.82, 0.00                                 , -                            , 8.00                  , -                                      , -                        , 4.00         , 7.00                    , -                                 ,               66.67, -                                                            , 89.20
    , Iraq                    ,                                                      2.30,                                                      2.30, 0.15                                              ,                                         5.30,                                62.00,                                        44.00,                               0.79, 100.00                                          ,                          98.00,                                    0.93, -                                                                               ,                                                           14.88,                                                       16.26,                                            39.40, -                                                                                    ,                                                 74.40, "3,559.67"                                          , 165.90                                                 , "1,743.92"                                                             , 30.89                                                     ,                                                                   0.42, -                                              , -                                                , -                                        , -                                                                                                                                   ,                                                       57.00, -                                                  , -                                                    , 7.00                                                          ,                               2.00,                             0.39,               2.20,                                                                                   11.42,                                       0.00, 0.0001000                                                     ,                                          0.17,                                                                0.44,                                                     6.10,                                                                                     7.36, 0.00                                     , -                                                                                        ,                                                                     0.05, -                                                                                                                    , -                                                     ,                                                 2.60,                                                                                   0.34, , , , , , , , , , , , ,              11.20,             2.08,           45.00,             33.36, 15.00            , -                                  ,              54.31, 0.00                                 , -                            , 1.00                  , -                                      , -                        , 1.00         , 1.00                    , -                                 ,               50.00, -                                                            , 44.10
    , Ireland                 ,                                                      0.30,                                                      0.30, 0.01                                              ,                                         0.60,                                66.00,                                       195.00,                               0.96, 113.00                                          ,                         100.00,                                    1.00, 30.60                                                                           ,                                                           43.61,                                                       75.33,                                            77.31, "8,656.81"                                                                           ,                                                 51.54, "5,265.27"                                          , 282.40                                                 , "11,699.28"                                                            , 73.34                                                     ,                                                                  76.05, 6.66                                           , 63.00                                            , 2.25                                     , 4.63                                                                                                                                ,                                                      482.00, 44.30                                              , 80.01                                                , 14.00                                                         ,                              52.00,                             0.47,               1.00,                                                                                  142.86,                                       0.68, 0.0003000                                                     ,                                          3.96,                                                               15.94,                                                    20.60,                                                                                    20.42, 0.43                                     , "18,458.55"                                                                              ,                                                                     0.22, 0.06                                                                                                                 , 0.16                                                  ,                                                44.80,                                                                                   0.08, , , , , , , , , , , , ,              44.60,            32.34,           77.00,             64.71, 26.00            , 11.39                              ,              58.63, 0.00                                 , 0.61                         , 13.00                 , 0.02                                   , 0.03                     , 12.00        , 5.00                    , 0.74                              ,               50.00, 1.00                                                         , 8.10
    , Israel                  ,                                                      0.30,                                                      0.30, 0.03                                              ,                                         0.70,                                65.00,                                       280.00,                               0.87, 178.00                                          ,                          99.00,                                    1.05, 34.60                                                                           ,                                                           50.13,                                                       39.12,                                            74.58, "7,304.00"                                                                           ,                                                 83.14, -                                                   , 140.00                                                 , "4,851.06"                                                             , 71.64                                                     ,                                                                  13.81, 5.87                                           , 50.00                                            , 8.74                                     , 4.23                                                                                                                                ,                                                      186.00, 17.50                                              , 45.34                                                , 6.00                                                          ,                              14.00,                             1.30,               2.00,                                                                                  113.14,                                       0.14, 0.0001000                                                     ,                                          4.16,                                                               72.87,                                                    16.50,                                                                                    18.09, 0.21                                     , "4,048.14"                                                                               ,                                                                     0.05, 0.08                                                                                                                 , -                                                     ,                                                11.80,                                                                                   0.07, , , , , , , , , , , , ,              36.10,            21.14,           74.00,             62.70, 25.00            , 4.50                               ,              86.51, 8.40                                 , 0.77                         , 27.00                 , 0.25                                   , 0.08                     , 29.00        , 17.00                   , 1.46                              ,               66.67, 15.00                                                        , 37.80
G20 , Italy                   ,                                                      0.50,                                                      0.50, 0.03                                              ,                                         1.00,                                90.00,                                       111.00,                               0.89, 133.00                                          ,                         100.00,                                    0.91, 22.50                                                                           ,                                                           54.71,                                                       28.67,                                            49.61, "4,104.10"                                                                           ,                                                 84.32, "3,591.27"                                          , 236.80                                                 , "7,971.83"                                                             , 47.44                                                     ,                                                                   2.98, 2.97                                           , 36.00                                            , 0.19                                     , 1.82                                                                                                                                ,                                                      240.00, 37.50                                              , 62.04                                                , 7.00                                                          ,                              40.00,                             1.64,               6.00,                                                                                   87.09,                                       2.02, 0.0022000                                                     ,                                          2.98,                                                               13.80,                                                    19.00,                                                                                    21.20, 0.03                                     , "2,241.21"                                                                               ,                                                                     0.05, 0.06                                                                                                                 , 0.17                                                  ,                                                44.00,                                                                                   0.13, , , , , , , , , , , , ,              27.80,            39.99,           76.00,             63.56, 23.00            , 849.09                             ,              64.60, 1.10                                 , 0.77                         , 16.00                 , 0.04                                   , 0.01                     , 5.00         , 7.00                    , 3.23                              ,               83.33, 23.00                                                        , 45.90
    , Japan                   ,                                                      0.70,                                                      0.60, 0.04                                              ,                                         1.00,                                67.00,                                       234.00,                               0.84, -                                               ,                          97.00,                                    0.84, 8.40                                                                            ,                                                           55.90,                                                       25.05,                                            85.81, "26,952.80"                                                                          ,                                                 77.33, "3,137.62"                                          , 107.60                                                 , "11,355.20"                                                            , 77.92                                                     ,                                                                   3.17, 6.01                                           , 132.00                                           , 0.29                                     , 1.94                                                                                                                                ,                                                      219.00, 47.40                                              , 95.34                                                , 5.00                                                          ,                              41.00,                             1.02,              10.00,                                                                                  150.57,                                       4.81, 0.0006000                                                     ,                                          1.06,                                                                6.87,                                                    21.20,                                                                                    25.12, 0.46                                     , 8.08                                                                                     ,                                                                     0.03, 0.05                                                                                                                 , 0.08                                                  ,                                                22.60,                                                                                   0.54, , , , , , , , , , , , ,              19.10,            50.49,           71.00,             70.62, 46.00            , 940.71                             ,              71.00, 1.90                                 , -                            , 15.00                 , 0.02                                   , 0.12                     , 13.00        , 8.00                    , 5.39                              ,              100.00, 36.00                                                        , 21.60
    , Kazakhstan              ,                                                      1.20,                                                      1.20, 0.10                                              ,                                         0.80,                                95.00,                                        86.00,                               0.91, 127.00                                          ,                          92.00,                                    1.05, -                                                                               ,                                                           16.03,                                                       15.49,                                            39.00, -                                                                                    ,                                                 44.88, "2,161.23"                                          , 242.20                                                 , "4,054.01"                                                             , 37.56                                                     ,                                                                   1.09, -                                              , 4.00                                             , -                                        , 4.60                                                                                                                                ,                                                      142.00, -                                                  , -                                                    , 7.00                                                          ,                               7.00,                             0.35,               3.00,                                                                                   49.19,                                       0.16, 0.0010000                                                     ,                                          0.05,                                                                1.71,                                                    10.20,                                                                                    10.47, 0.00                                     , "4,807.56"                                                                               ,                                                                     1.00, -                                                                                                                    , -                                                     ,                                                12.70,                                                                                   0.17, , , , , , , , , , , , ,              13.70,             7.91,           72.00,             53.88, -                , -                                  ,              45.90, -                                    , -                            , -                     , -                                      , -                        , -            , -                       , -                                 ,               33.33, -                                                            , -
    , Kenya                   ,                                                      4.10,                                                      1.30, 0.33                                              ,                                        12.30,                                45.00,                                        16.00,                               0.48, 127.00                                          ,                          97.00,                                    0.71, 53.10                                                                           ,                                                           83.15,                                                       11.51,                                            25.99, 782.33                                                                               ,                                                 47.14, "1,651.43"                                          , 42.90                                                  , "1,838.23"                                                             , 23.83                                                     ,                                                                   1.49, 0.64                                           , -                                                , -                                        , 1.07                                                                                                                                ,                                                       36.00, 3.10                                               , 16.55                                                , 2.00                                                          ,                               3.00,                             0.17,               8.00,                                                                                    7.65,                                       0.05, 0.0001000                                                     ,                                          0.37,                                                                1.20,                                                     1.60,                                                                                     3.27, 1.00                                     , -                                                                                        ,                                                                     0.05, -                                                                                                                    , -                                                     ,                                                89.10,                                                                                   0.09, , , , , , , , , , , , ,               8.10,             9.13,           61.00,             39.17, 5.00             , -                                  ,              47.99, 0.00                                 , -                            , 1.00                  , -                                      , -                        , 3.00         , 0.00                    , -                                 ,              100.00, -                                                            , 36.90
    , Kuwait                  ,                                                      0.60,                                                      0.60, 0.03                                              ,                                         0.50,                               416.00,                                       229.00,                               0.98, -                                               ,                         100.00,                                    0.90, -                                                                               ,                                                           35.20,                                                       20.71,                                            41.41, -                                                                                    ,                                                 66.26, "12,872.00"                                         , 714.50                                                 , "4,888.55"                                                             , 40.58                                                     ,                                                                   4.57, -                                              , -                                                , -                                        , 9.67                                                                                                                                ,                                                      109.00, -                                                  , -                                                    , 3.00                                                          ,                              15.00,                             0.74,               0.00,                                                                                   31.55,                                       0.00, 0.0003000                                                     ,                                          1.04,                                                                3.35,                                                    16.70,                                                                                    14.70, 0.00                                     , -                                                                                        ,                                                                     0.06, -                                                                                                                    , -                                                     ,                                                 0.20,                                                                                   0.06, , , , , , , , , , , , ,              19.10,             5.37,           52.00,             53.31, -                , -                                  ,              42.00, -                                    , -                            , -                     , -                                      , -                        , -            , -                       , -                                 ,               45.67, -                                                            , -
    , Malaysia                ,                                                      0.50,                                                      0.60, -                                                 ,                                         2.20,                               144.00,                                       164.00,                               0.92, 140.00                                          ,                         100.00,                                    1.06, 45.20                                                                           ,                                                           54.45,                                                       14.60,                                            52.62, "7,570.65"                                                                           ,                                                 72.40, "2,900.27"                                          , 347.20                                                 , "8,682.03"                                                             , 46.17                                                     ,                                                                   4.54, 6.73                                           , 16.00                                            , 0.40                                     , 0.81                                                                                                                                ,                                                      135.00, 13.10                                              , 37.95                                                , 7.00                                                          ,                              25.00,                             1.01,               4.00,                                                                                   47.18,                                       0.29, 0.0005000                                                     ,                                          1.43,                                                                4.21,                                                    12.20,                                                                                    12.50, 1.00                                     , 253.11                                                                                   ,                                                                     0.05, 0.07                                                                                                                 , -                                                     ,                                                20.20,                                                                                   0.14, , , , , , , , , , , , ,              19.70,            19.78,           90.00,             60.52, 29.00            , -                                  ,              64.37, 0.00                                 , -                            , 4.00                  , 0.02                                   , 0.00                     , 4.00         , 3.00                    , 1.48                              ,               33.33, 1.00                                                         , 100.00
    , Mexico                  ,                                                      1.40,                                                      0.90, 0.05                                              ,                                         1.70,                                41.00,                                        93.00,                               0.80, 116.00                                          ,                          97.00,                                    0.71, 40.20                                                                           ,                                                           46.38,                                                       13.43,                                           102.86, "1,619.74"                                                                           ,                                                 84.19, "1,817.06"                                          , 68.30                                                  , "2,853.01"                                                             , 99.66                                                     ,                                                                   1.05, 0.93                                           , 15.00                                            , 0.74                                     , 2.80                                                                                                                                ,                                                      102.00, 23.70                                              , 35.94                                                , 6.00                                                          ,                              10.00,                             0.45,              19.00,                                                                                   48.16,                                       0.09, 0.0004000                                                     ,                                          0.70,                                                                4.52,                                                    11.80,                                                                                    14.28, 1.00                                     , "2,208.45"                                                                               ,                                                                     0.07, 0.08                                                                                                                 , 0.09                                                  ,                                                18.50,                                                                                   0.37, , , , , , , , , , , , ,              17.80,            12.47,           76.00,             52.10, 18.00            , -                                  ,              53.06, 0.00                                 , 0.87                         , 7.00                  , 0.01                                   , 0.00                     , 3.00         , 1.00                    , 0.87                              ,               24.33, -                                                            , 81.10
    , Morocco                 ,                                                      2.20,                                                      0.80, 0.16                                              ,                                         3.00,                               124.00,                                        56.00,                               0.78, 153.00                                          ,                          97.00,                                    0.84, -                                                                               ,                                                           35.36,                                                       13.81,                                            42.09, 652.98                                                                               ,                                                 65.66, "4,480.40"                                          , 146.60                                                 , "1,440.90"                                                             , 40.51                                                     ,                                                                   4.99, -                                              , 5.00                                             , -                                        , 0.78                                                                                                                                ,                                                       34.00, 5.00                                               , 10.07                                                , 4.00                                                          ,                               5.00,                             0.18,               8.00,                                                                                   11.87,                                       0.03, 0.0003000                                                     ,                                          0.30,                                                                3.12,                                                     4.80,                                                                                     5.96, 1.00                                     , -                                                                                        ,                                                                     0.05, 0.04                                                                                                                 , -                                                     ,                                                18.50,                                                                                   0.13, , , , , , , , , , , , ,              10.90,             7.69,           77.00,             48.12, 16.00            , -                                  ,              53.70, 0.80                                 , -                            , 3.00                  , -                                      , -                        , 0.00         , 1.00                    , -                                 ,               33.33, -                                                            , 36.90
    , Netherlands             ,                                                      0.50,                                                      0.30, 0.04                                              ,                                         0.80,                               171.00,                                       229.00,                               0.96, 128.00                                          ,                          99.00,                                    0.94, 26.30                                                                           ,                                                           75.07,                                                       27.87,                                            85.31, "7,449.40"                                                                           ,                                                 58.01, -                                                   , 98.20                                                  , "8,600.39"                                                             , 75.64                                                     ,                                                                  19.12, 4.20                                           , 110.00                                           , 2.02                                     , 2.37                                                                                                                                ,                                                      284.00, 39.60                                              , 78.87                                                , 6.00                                                          ,                              87.00,                             2.09,               7.00,                                                                                  210.58,                                       3.71, 0.0004000                                                     ,                                          2.16,                                                               29.33,                                                    22.10,                                                                                    22.01, 0.38                                     , 0.00                                                                                     ,                                                                     0.04, 0.05                                                                                                                 , 0.10                                                  ,                                                46.80,                                                                                   0.11, , , , , , , , , , , , ,              38.90,            39.17,           82.00,             69.85, 40.00            , 98.36                              ,              67.82, 2.10                                 , 0.74                         , 23.00                 , 0.09                                   , 0.04                     , 10.00        , 10.00                   , 2.21                              ,               66.67, 31.00                                                        , 21.60
    , New Zealand             ,                                                      0.70,                                                      0.30, 0.01                                              ,                                         1.00,                               127.00,                                       211.00,                               0.94, 130.00                                          ,                          99.00,                                    1.03, 31.50                                                                           ,                                                           44.66,                                                       34.51,                                            77.13, "9,021.04"                                                                           ,                                                 69.02, "5,282.32"                                          , 90.60                                                  , "5,530.67"                                                             , 72.87                                                     ,                                                                   1.90, -                                              , 50.00                                            , 0.39                                     , 0.28                                                                                                                                ,                                                      156.00, 34.60                                              , 70.98                                                , 8.00                                                          ,                              19.00,                             3.64,               1.00,                                                                                  123.60,                                       0.10, 0.0007000                                                     ,                                          2.44,                                                               13.46,                                                    19.60,                                                                                    20.50, 1.15                                     , -                                                                                        ,                                                                     0.15, 0.07                                                                                                                 , 0.41                                                  ,                                                87.60,                                                                                   0.17, , , , , , , , , , , , ,              40.50,            12.18,           76.00,             57.24, 23.00            , -                                  ,              63.88, 0.00                                 , 0.42                         , 10.00                 , 0.00                                   , 0.00                     , 4.00         , 4.00                    , 0.47                              ,               59.67, -                                                            , 18.90
    , Nigeria                 ,                                                      3.40,                                                      2.70, -                                                 ,                                        15.50,                                44.00,                                        33.00,                               0.39, 71.00                                           ,                          85.00,                                    0.36, 60.70                                                                           ,                                                           65.65,                                                       12.96,                                            33.97, 866.67                                                                               ,                                                 41.70, 269.79                                              , 92.90                                                  , "9,346.22"                                                             , 29.35                                                     ,                                                                   0.53, 0.14                                           , 5.00                                             , 1.19                                     , 1.24                                                                                                                                ,                                                       85.00, 15.50                                              , 72.26                                                , 36.00                                                         ,                              32.00,                             1.06,              69.00,                                                                                   12.72,                                       0.06, 0.0000000                                                     ,                                          0.10,                                                                1.85,                                                     2.30,                                                                                     5.41, 0.62                                     , 60.17                                                                                    ,                                                                     0.05, -                                                                                                                    , -                                                     ,                                                26.10,                                                                                   0.12, , , , , , , , , , , , ,               9.30,             9.27,           56.00,             39.10, 5.00             , -                                  ,              44.23, 0.00                                 , -                            , 1.00                  , -                                      , -                        , 1.00         , 1.00                    , -                                 ,               66.67, -                                                            , 81.10
G20 , Norway                  ,                                                      0.50,                                                      0.50, 0.02                                              ,                                         1.20,                               163.00,                                       170.00,                               0.99, -                                               ,                          98.00,                                    1.03, 32.20                                                                           ,                                                           67.29,                                                       54.56,                                            94.58, "15,254.68"                                                                          ,                                                 70.93, -                                                   , 164.30                                                 , "13,305.45"                                                            , 83.48                                                     ,                                                                   4.91, 4.19                                           , 43.00                                            , 1.14                                     , 2.60                                                                                                                                ,                                                      443.00, 50.60                                              , 93.78                                                , 18.00                                                         ,                              42.00,                             2.47,               1.00,                                                                                  119.45,                                       0.20, 0.0001000                                                     ,                                          3.27,                                                               14.00,                                                    26.80,                                                                                    26.37, 0.02                                     , 0.00                                                                                     ,                                                                     0.04, 0.06                                                                                                                 , 0.46                                                  ,                                                97.70,                                                                                   0.02, , , , , , , , , , , , ,              46.40,            18.92,           89.00,             65.67, 25.00            , 23.36                              ,              70.87, 1.10                                 , 0.49                         , 14.00                 , 0.04                                   , 0.02                     , 11.00        , 7.00                    , 0.81                              ,               66.67, -                                                            , 10.80
G20 , Pakistan                ,                                                      2.10,                                                      1.40, -                                                 ,                                         4.00,                                24.00,                                        18.00,                               0.46, 77.00                                           ,                          81.00,                                    0.34, -                                                                               ,                                                           61.97,                                                       15.81,                                            15.30, 390.17                                                                               ,                                                 68.38, "3,665.90"                                          , 99.40                                                  , "1,789.74"                                                             , 14.54                                                     ,                                                                   1.56, 0.58                                           , 92.00                                            , -                                        , 0.21                                                                                                                                ,                                                       26.00, 3.20                                               , 24.02                                                , 15.00                                                         ,                               1.00,                             0.16,              28.00,                                                                                    6.30,                                       0.06, 0.0002000                                                     ,                                          0.17,                                                                1.82,                                                     2.40,                                                                                     4.78, 0.25                                     , 3.98                                                                                     ,                                                                     0.05, -                                                                                                                    , -                                                     ,                                                35.00,                                                                                   0.25, , , , , , , , , , , , ,              10.30,             9.99,           42.00,             41.23, 8.00             , -                                  ,              48.02, 0.00                                 , -                            , 4.00                  , -                                      , -                        , 1.00         , 1.00                    , -                                 ,               66.67, -                                                            , 81.10
    , Peru                    ,                                                      1.10,                                                      1.10, 0.13                                              ,                                         2.80,                                36.00,                                       252.00,                               0.80, 124.00                                          ,                          93.00,                                    0.76, -                                                                               ,                                                           26.65,                                                       16.43,                                            71.92, "1,294.19"                                                                           ,                                                 77.76, "6,970.65"                                          , 223.80                                                 , -                                                                      , -                                                         ,                                                                   0.43, 0.71                                           , 3.00                                             , -                                        , 3.16                                                                                                                                ,                                                       67.00, 5.50                                               , 27.47                                                , 7.00                                                          ,                               2.00,                             0.26,               6.00,                                                                                   12.15,                                       0.04, 0.0008000                                                     ,                                          0.88,                                                                4.66,                                                     6.50,                                                                                     8.07, 0.00                                     , -                                                                                        ,                                                                     0.04, 0.06                                                                                                                 , -                                                     ,                                                53.30,                                                                                   0.21, , , , , , , , , , , , ,              14.70,             8.12,           63.00,             45.52, 18.00            , -                                  ,              47.35, 0.00                                 , -                            , 4.00                  , -                                      , -                        , 1.00         , 0.00                    , -                                 ,               66.67, -                                                            , 64.90
    , Philippines             ,                                                      2.40,                                                      1.60, 0.26                                              ,                                         4.20,                                54.00,                                       103.00,                               0.69, 116.00                                          ,                          99.00,                                    0.85, 41.50                                                                           ,                                                           43.04,                                                       14.89,                                            28.53, "2,427.33"                                                                           ,                                                 78.33, -                                                   , 127.30                                                 , "4,992.78"                                                             , 27.98                                                     ,                                                                   5.28, 1.02                                           , 30.00                                            , 0.22                                     , 1.87                                                                                                                                ,                                                       64.00, 9.00                                               , 21.58                                                , 6.00                                                          ,                               3.00,                             0.31,              28.00,                                                                                    9.65,                                       0.02, 0.0003000                                                     ,                                          0.30,                                                                4.11,                                                     4.70,                                                                                     6.72, 0.49                                     , -                                                                                        ,                                                                     0.10, 0.12                                                                                                                 , -                                                     ,                                                21.60,                                                                                   1.26, , , , , , , , , , , , ,              18.30,            10.39,           74.00,             49.50, 16.00            , -                                  ,              58.79, 0.00                                 , -                            , 1.00                  , -                                      , -                        , 1.00         , 0.00                    , -                                 ,               66.67, -                                                            , 65.80
    , Poland                  ,                                                      0.40,                                                      0.40, 0.04                                              ,                                         0.80,                               105.00,                                       214.00,                               0.85, 138.00                                          ,                         100.00,                                    0.86, 27.80                                                                           ,                                                           50.21,                                                       20.82,                                            56.95, "4,915.41"                                                                           ,                                                 49.91, "6,428.16"                                          , 112.40                                                 , "10,073.29"                                                            , 42.47                                                     ,                                                                   6.47, 3.72                                           , 47.00                                            , -                                        , 0.81                                                                                                                                ,                                                      189.00, 16.70                                              , 38.33                                                , 6.00                                                          ,                              21.00,                             1.71,              10.00,                                                                                   55.54,                                       1.77, 0.0001000                                                     ,                                          0.89,                                                               11.25,                                                    13.50,                                                                                    15.83, 1.00                                     , 648.69                                                                                   ,                                                                     0.04, 0.06                                                                                                                 , 0.08                                                  ,                                                27.40,                                                                                   0.13, , , , , , , , , , , , ,              28.50,            33.27,           89.00,             64.79, 23.00            , 65.75                              ,              56.14, 0.80                                 , 0.71                         , 11.00                 , 0.00                                   , 0.01                     , 4.00         , 3.00                    , 1.55                              ,               95.67, 2.00                                                         , 37.80
    , Portugal                ,                                                      0.40,                                                      0.40, 0.03                                              ,                                         0.70,                               151.00,                                       241.00,                               0.87, 124.00                                          ,                         100.00,                                    0.88, 33.80                                                                           ,                                                           47.19,                                                       41.70,                                            52.67, "5,036.92"                                                                           ,                                                 58.16, "3,578.22"                                          , 142.20                                                 , "4,818.87"                                                             , 50.04                                                     ,                                                                   6.05, 4.10                                           , 25.00                                            , 0.42                                     , 0.99                                                                                                                                ,                                                      145.00, 18.10                                              , 53.45                                                , 11.00                                                         ,                              25.00,                             1.30,               4.00,                                                                                   32.46,                                       0.35, 0.0008000                                                     ,                                          2.74,                                                               18.03,                                                    17.80,                                                                                    20.08, 3.56                                     , 0.00                                                                                     ,                                                                     0.08, 0.09                                                                                                                 , 0.25                                                  ,                                                70.00,                                                                                   0.05, , , , , , , , , , , , ,              24.20,            11.67,           83.00,             55.38, 22.00            , 3.96                               ,              60.32, 0.00                                 , 0.66                         , 10.00                 , 0.02                                   , 0.01                     , 7.00         , 4.00                    , 0.72                              ,               66.67, 1.00                                                         , 44.10
    , Qatar                   ,                                                      0.30,                                                      0.20, 0.02                                              ,                                         1.60,                               574.00,                                       195.00,                               0.98, 154.00                                          ,                         100.00,                                    0.88, -                                                                               ,                                                           46.82,                                                       33.44,                                            50.17, -                                                                                    ,                                                 83.61, "10,825.90"                                         , 160.40                                                 , -                                                                      , -                                                         ,                                                                   0.84, 1.20                                           , -                                                , -                                        , -                                                                                                                                   ,                                                      370.00, 47.60                                              , 70.40                                                , -                                                             ,                              24.00,                             1.37,               0.00,                                                                                   80.13,                                       0.00, 0.0005000                                                     ,                                          2.01,                                                                4.68,                                                    16.20,                                                                                    14.72, 0.00                                     , "1,968.23"                                                                               ,                                                                     0.08, -                                                                                                                    , -                                                     ,                                                 3.60,                                                                                   0.02, , , , , , , , , , , , ,              38.30,             7.45,           51.00,             57.95, 23.00            , -                                  ,              59.04, 0.00                                 , -                            , 4.00                  , -                                      , -                        , 0.00         , 3.00                    , -                                 ,               33.33, -                                                            , 36.90
    , Republic of Korea       ,                                                      0.70,                                                      0.60, 0.07                                              ,                                         0.90,                               244.00,                                       237.00,                               0.92, 172.00                                          ,                         100.00,                                    0.90, 13.60                                                                           ,                                                           76.31,                                                       24.32,                                            87.00, "29,054.15"                                                                          ,                                                 97.27, "5,574.84"                                          , 204.50                                                 , "11,362.47"                                                            , 81.80                                                     ,                                                                   4.07, 3.82                                           , 29.00                                            , 1.81                                     , 3.78                                                                                                                                ,                                                      218.00, 46.40                                              , 89.72                                                , 9.00                                                          ,                              39.00,                             1.23,              13.00,                                                                                  132.91,                                       0.67, 0.0012000                                                     ,                                          0.82,                                                                8.61,                                                    17.90,                                                                                    19.50, 3.00                                     , 96.68                                                                                    ,                                                                     0.03, 0.06                                                                                                                 , 0.03                                                  ,                                                 7.80,                                                                                   0.45, , , , , , , , , , , , ,              30.70,            40.81,           75.00,             68.21, 42.00            , 213.09                             ,              82.00, 6.20                                 , 0.71                         , 20.00                 , 0.07                                   , 0.05                     , 14.00        , 11.00                   , 6.77                              ,              100.00, 15.00                                                        , 51.40
    , Romania                 ,                                                      0.40,                                                      0.40, 0.11                                              ,                                         0.40,                                79.00,                                       268.00,                               0.84, 120.00                                          ,                          99.00,                                    0.89, 29.30                                                                           ,                                                           41.26,                                                       43.76,                                            62.52, "4,131.62"                                                                           ,                                                 66.90, "2,967.39"                                          , 150.70                                                 , "4,357.12"                                                             , 46.64                                                     ,                                                                   6.34, 2.52                                           , 11.00                                            , -                                        , 0.52                                                                                                                                ,                                                      167.00, 12.60                                              , 36.16                                                , 10.00                                                         ,                              14.00,                             1.49,               2.00,                                                                                   28.19,                                       0.62, 0.0002000                                                     ,                                          1.19,                                                                5.41,                                                    13.00,                                                                                    15.63, 0.40                                     , 52.59                                                                                    ,                                                                     0.04, 0.06                                                                                                                 , 0.46                                                  ,                                                48.90,                                                                                   0.21, , , , , , , , , , , , ,              16.20,            12.56,           81.00,             55.23, 22.00            , -                                  ,              51.60, 0.00                                 , -                            , 5.00                  , -                                      , -                        , 1.00         , 1.00                    , -                                 ,               59.67, -                                                            , 70.30
G20 , Russian Federation      ,                                                      0.70,                                                      0.40, 0.05                                              ,                                         0.50,                                45.00,                                        91.00,                               0.94, 186.00                                          ,                          93.00,                                    0.86, 29.20                                                                           ,                                                           33.09,                                                       18.09,                                            63.38, 992.85                                                                               ,                                                 80.59, "3,819.86"                                          , 254.60                                                 , "3,591.57"                                                             , 40.95                                                     ,                                                                   0.50, 2.18                                           , 12.00                                            , -                                        , 2.00                                                                                                                                ,                                                      128.00, 19.30                                              , 42.59                                                , 12.00                                                         ,                              10.00,                             0.54,              31.00,                                                                                   79.95,                                       3.99, 0.0039000                                                     ,                                          0.13,                                                               23.73,                                                    13.20,                                                                                    14.04, 1.00                                     , -                                                                                        ,                                                                     0.04, 0.07                                                                                                                 , -                                                     ,                                                18.60,                                                                                   0.14, , , , , , , , , , , , ,               8.00,            21.43,           62.00,             57.23, 20.00            , 71.46                              ,              54.48, 0.50                                 , -                            , 4.00                  , -                                      , -                        , 5.00         , 3.00                    , 2.13                              ,               50.00, 5.00                                                         , 52.30
    , Rwanda                  ,                                                      3.70,                                                      2.80, 0.36                                              ,                                        23.30,                                40.00,                                        41.00,                               0.32, 93.00                                           ,                          99.00,                                    0.12, -                                                                               ,                                                           26.55,                                                       13.27,                                            35.40, -                                                                                    ,                                                 90.71, "5,347.70"                                          , 29.30                                                  , "2,294.73"                                                             , 34.29                                                     ,                                                                   0.54, 0.21                                           , -                                                , -                                        , 0.45                                                                                                                                ,                                                       36.00, -                                                  , -                                                    , 0.00                                                          ,                               1.00,                             0.35,               0.00,                                                                                   14.67,                                       0.01, 0.0003000                                                     ,                                          0.22,                                                                0.69,                                                     0.70,                                                                                     2.21, 0.00                                     , -                                                                                        ,                                                                     0.05, -                                                                                                                    , -                                                     ,                                                52.80,                                                                                   0.18, , , , , , , , , , , , ,               6.30,             4.16,           60.00,             33.92, 2.00             , -                                  ,              44.34, 0.00                                 , -                            , 2.00                  , -                                      , -                        , 2.00         , 0.00                    , -                                 ,               66.67, -                                                            , 36.90
    , Saudi Arabia            ,                                                      0.70,                                                      0.40, 0.09                                              ,                                         0.30,                               216.00,                                       151.00,                               1.00, 160.00                                          ,                         100.00,                                    0.91, 36.80                                                                           ,                                                           68.61,                                                       15.38,                                            59.44, "10,881.60"                                                                          ,                                                 72.16, "7,836.94"                                          , 554.10                                                 , "6,963.81"                                                             , 56.96                                                     ,                                                                   0.75, -                                              , 32.00                                            , 0.08                                     , 11.19                                                                                                                               ,                                                      221.00, 11.20                                              , 41.17                                                , 8.00                                                          ,                              14.00,                             0.87,               6.00,                                                                                   28.71,                                       0.02, 0.0062000                                                     ,                                          0.74,                                                                3.78,                                                    17.10,                                                                                    18.25, 0.93                                     , "3,945.50"                                                                               ,                                                                     0.03, 0.08                                                                                                                 , -                                                     ,                                                 1.50,                                                                                   0.04, , , , , , , , , , , , ,              26.20,            25.94,           69.00,             62.93, 23.00            , 96.04                              ,              63.82, 0.00                                 , 0.70                         , 4.00                  , 0.00                                   , 0.01                     , 21.00        , 3.00                    , 4.70                              ,               66.67, 3.00                                                         , 60.40
G20 , Serbia                  ,                                                      1.50,                                                      0.40, 0.08                                              ,                                         2.10,                               173.00,                                       103.00,                               0.83, 121.00                                          ,                          99.00,                                    0.89, 35.70                                                                           ,                                                           39.13,                                                       32.02,                                            46.24, "4,415.62"                                                                           ,                                                 67.59, "1,946.06"                                          , 165.40                                                 , "4,038.25"                                                             , 41.98                                                     ,                                                                  11.06, 15.44                                          , 40.00                                            , -                                        , 0.31                                                                                                                                ,                                                       91.00, 9.00                                               , 22.18                                                , 1.00                                                          ,                              10.00,                             0.69,               4.00,                                                                                   43.47,                                       0.10, 0.0011000                                                     ,                                          0.53,                                                                3.55,                                                    11.10,                                                                                    14.41, 1.00                                     , -                                                                                        ,                                                                     0.04, 0.11                                                                                                                 , 0.33                                                  ,                                                34.20,                                                                                   0.39, , , , , , , , , , , , ,              21.50,             7.91,           72.00,             52.75, 17.00            , -                                  ,              46.62, 0.00                                 , -                            , 7.00                  , -                                      , -                        , 1.00         , 2.00                    , -                                 ,               33.33, -                                                            , 36.90
G20 , Singapore               ,                                                      0.20,                                                      0.20, 0.02                                              ,                                         0.90,                               200.00,                                       410.00,                               0.94, 171.00                                          ,                         100.00,                                    1.00, 33.30                                                                           ,                                                           73.23,                                                       36.61,                                            84.21, "21,725.23"                                                                          ,                                                 76.89, -                                                   , 110.40                                                 , "19,175.88"                                                            , 80.92                                                     ,                                                                  42.78, 3.72                                           , 108.00                                           , 16.04                                    , 2.95                                                                                                                                ,                                                      453.00, 56.60                                              , 98.50                                                , 19.00                                                         ,                             122.00,                             1.81,               2.00,                                                                                  173.41,                                       1.35, 0.0008000                                                     ,                                         24.17,                                                               24.38,                                                    20.30,                                                                                    22.15, 0.38                                     , 342.91                                                                                   ,                                                                     0.07, 0.08                                                                                                                 , -                                                     ,                                                 3.30,                                                                                   0.02, , , , , , , , , , , , ,              60.90,            41.99,           90.00,             74.46, 50.00            , 23.24                              ,              69.59, 18.70                                , 0.76                         , 30.00                 , 0.15                                   , 0.09                     , 27.00        , 25.00                   , 5.43                              ,              100.00, 39.00                                                        , 56.80
    , Slovakia                ,                                                      1.10,                                                      0.80, 0.05                                              ,                                         0.80,                               114.00,                                        97.00,                               0.89, 140.00                                          ,                          99.00,                                    0.91, -                                                                               ,                                                           44.99,                                                       40.90,                                            61.35, -                                                                                    ,                                                 57.26, "2,367.90"                                          , 146.10                                                 , "5,130.90"                                                             , 57.67                                                     ,                                                                   4.46, 4.09                                           , 18.00                                            , -                                        , 0.36                                                                                                                                ,                                                      252.00, -                                                  , -                                                    , 2.00                                                          ,                              40.00,                             2.17,               2.00,                                                                                   54.80,                                       0.26, 0.0006000                                                     ,                                          1.43,                                                                6.09,                                                    15.40,                                                                                    17.18, 1.00                                     , 544.78                                                                                   ,                                                                     0.05, 0.00                                                                                                                 , 0.08                                                  ,                                                22.40,                                                                                   0.25, , , , , , , , , , , , ,              23.80,             7.91,           76.00,             55.80, 18.00            , -                                  ,              53.43, 0.00                                 , -                            , 7.00                  , -                                      , -                        , 4.00         , 2.00                    , -                                 ,               33.33, -                                                            , 36.90
    , South Africa            ,                                                      3.70,                                                      1.10, 0.05                                              ,                                         3.40,                                66.00,                                        48.00,                               0.73, 180.00                                          ,                          99.00,                                    0.50, 52.20                                                                           ,                                                           48.57,                                                       18.75,                                            35.79, "1,834.25"                                                                           ,                                                 76.48, "2,099.07"                                          , 48.50                                                  , "1,805.95"                                                             , 33.98                                                     ,                                                                   2.00, -                                              , 91.00                                            , 0.40                                     , 1.50                                                                                                                                ,                                                       79.00, 11.50                                              , 39.93                                                , 5.00                                                          ,                               5.00,                             0.54,               8.00,                                                                                   34.81,                                       1.45, 0.0001000                                                     ,                                          0.51,                                                                5.71,                                                     8.80,                                                                                    11.23, 0.06                                     , "5,468.14"                                                                               ,                                                                     0.07, 0.08                                                                                                                 , -                                                     ,                                                 8.30,                                                                                   0.12, , , , , , , , , , , , ,              21.10,            29.64,           51.00,             60.05, 12.00            , -                                  ,              54.78, 0.00                                 , 0.67                         , 2.00                  , 0.00                                   , 0.01                     , 6.00         , 1.00                    , 0.58                              ,               43.00, -                                                            , 51.40
    , Spain                   ,                                                      0.40,                                                      0.40, 0.05                                              ,                                         0.70,                                93.00,                                       269.00,                               0.96, 130.00                                          ,                         100.00,                                    0.97, 26.40                                                                           ,                                                           41.25,                                                       29.31,                                            71.64, "4,091.59"                                                                           ,                                                 87.49, "4,324.07"                                          , 156.30                                                 , "7,445.53"                                                             , 68.37                                                     ,                                                                   5.45, 3.09                                           , 17.00                                            , 0.45                                     , 2.41                                                                                                                                ,                                                      172.00, 33.70                                              , 52.48                                                , 11.00                                                         ,                              27.00,                             0.95,              10.00,                                                                                  113.17,                                       1.52, 0.0014000                                                     ,                                          3.23,                                                               24.06,                                                    19.60,                                                                                    20.30, 0.17                                     , "3,631.77"                                                                               ,                                                                     0.06, 0.07                                                                                                                 , 0.20                                                  ,                                                50.30,                                                                                   0.07, , , , , , , , , , , , ,              41.80,            25.03,           77.00,             65.72, 26.00            , 221.87                             ,              63.08, 12.10                                , 0.98                         , 17.00                 , 0.02                                   , 0.01                     , 7.00         , 6.00                    , 2.97                              ,              100.00, 2.00                                                         , 35.10
    , Sri Lanka               ,                                                      0.60,                                                      0.40, 0.41                                              ,                                         0.70,                                39.00,                                        32.00,                               0.49, 132.00                                          ,                          97.00,                                    0.39, -                                                                               ,                                                           30.17,                                                       14.20,                                            31.94, -                                                                                    ,                                                 97.61, 558.40                                              , 149.60                                                 , "3,536.54"                                                             , 30.70                                                     ,                                                                   1.64, 1.03                                           , 55.00                                            , -                                        , 0.31                                                                                                                                ,                                                       55.00, -                                                  , -                                                    , 3.00                                                          ,                               4.00,                             0.27,               2.00,                                                                                   17.65,                                       0.02, 0.0007000                                                     ,                                          0.62,                                                                4.95,                                                     8.00,                                                                                    15.53, 0.00                                     , -                                                                                        ,                                                                     0.05, -                                                                                                                    , -                                                     ,                                                48.60,                                                                                   0.47, , , , , , , , , , , , ,               6.60,             3.29,           49.00,             44.09, 11.00            , -                                  ,              42.16, 0.00                                 , -                            , 4.00                  , -                                      , -                        , 2.00         , 0.00                    , -                                 ,               43.00, -                                                            , 36.90
    , Sweden                  ,                                                      0.40,                                                      0.30, 0.04                                              ,                                         1.10,                               150.00,                                       198.00,                               0.97, 140.00                                          ,                         100.00,                                    1.02, 22.30                                                                           ,                                                           71.01,                                                       41.83,                                            86.57, "8,949.73"                                                                           ,                                                 63.23, -                                                   , 334.40                                                 , "12,046.55"                                                            , 79.18                                                     ,                                                                  15.15, 5.31                                           , 41.00                                            , 3.66                                     , 2.85                                                                                                                                ,                                                      413.00, 49.30                                              , 79.75                                                , 12.00                                                         ,                              69.00,                             2.52,               2.00,                                                                                  176.98,                                       0.60, 0.0000000                                                     ,                                          4.67,                                                               27.93,                                                    21.00,                                                                                    21.50, 0.27                                     , "17,724.14"                                                                              ,                                                                     0.03, 0.04                                                                                                                 , 0.29                                                  ,                                                69.40,                                                                                   0.04, , , , , , , , , , , , ,              33.30,            34.06,           82.00,             67.49, 26.00            , 63.03                              ,              74.50, 0.50                                 , 0.64                         , 17.00                 , 0.72                                   , 0.02                     , 12.00        , 8.00                    , 1.28                              ,               33.33, -                                                            , 16.20
    , Switzerland             ,                                                      0.50,                                                      0.40, 0.02                                              ,                                         0.90,                               127.00,                                       284.00,                               0.96, 130.00                                          ,                         100.00,                                    0.95, 23.90                                                                           ,                                                           49.10,                                                       43.25,                                            86.51, "10,602.15"                                                                          ,                                                 52.61, "2,642.00"                                          , 224.20                                                 , "6,978.93"                                                             , 82.65                                                     ,                                                                  14.25, 3.72                                           , 105.00                                           , 1.04                                     , 3.35                                                                                                                                ,                                                      396.00, 39.90                                              , 92.77                                                , 8.00                                                          ,                              90.00,                             1.02,               3.00,                                                                                   97.70,                                       1.57, 0.0058000                                                     ,                                          7.48,                                                               14.56,                                                    23.40,                                                                                    23.85, 0.09                                     , 112.08                                                                                   ,                                                                     0.05, 0.06                                                                                                                 , 0.22                                                  ,                                                59.90,                                                                                   0.11, , , , , , , , , , , , ,              34.80,            31.63,           66.00,             68.97, 34.00            , 473.52                             ,              75.34, 8.60                                 , 0.71                         , 30.00                 , -                                      , 0.05                     , 12.00        , 18.00                   , 1.87                              ,               33.33, 28.00                                                        , 15.30
    , Thailand                ,                                                      1.10,                                                      1.10, 0.12                                              ,                                         2.50,                               136.00,                                       276.00,                               0.88, 160.00                                          ,                          99.00,                                    0.80, 34.90                                                                           ,                                                           48.50,                                                       15.96,                                            40.13, "7,208.24"                                                                           ,                                                 75.99, "4,310.33"                                          , 345.30                                                 , "9,604.07"                                                             , 38.77                                                     ,                                                                   3.52, 0.45                                           , 17.00                                            , 0.47                                     , 0.77                                                                                                                                ,                                                       78.00, 19.60                                              , 33.38                                                , 7.00                                                          ,                               8.00,                             0.13,              16.00,                                                                                   19.17,                                       0.26, 0.0001000                                                     ,                                          0.81,                                                                7.31,                                                    10.50,                                                                                    11.90, 0.00                                     , -                                                                                        ,                                                                     0.05, -                                                                                                                    , -                                                     ,                                                21.00,                                                                                   0.24, , , , , , , , , , , , ,              10.70,            21.34,           64.00,             56.38, 25.00            , -                                  ,              58.94, 0.10                                 , -                            , 3.00                  , -                                      , -                        , 2.00         , 1.00                    , -                                 ,               33.33, -                                                            , 100.00
    , Türkiye                 ,                                                      0.60,                                                      0.60, 0.09                                              ,                                         1.30,                                67.00,                                        72.00,                               0.87, 108.00                                          ,                         100.00,                                    0.98, 36.40                                                                           ,                                                           62.53,                                                       25.90,                                            48.27, "3,397.34"                                                                           ,                                                 82.15, "3,029.77"                                          , 192.40                                                 , "4,233.08"                                                             , 39.83                                                     ,                                                                   1.14, 0.94                                           , 20.00                                            , 0.15                                     , 0.84                                                                                                                                ,                                                      111.00, 8.90                                               , 32.68                                                , 14.00                                                         ,                              16.00,                             0.45,              22.00,                                                                                   16.07,                                       1.09, 0.0009000                                                     ,                                          0.64,                                                                2.62,                                                    12.70,                                                                                    14.09, 0.41                                     , 0.00                                                                                     ,                                                                     0.07, 0.06                                                                                                                 , 0.18                                                  ,                                                42.30,                                                                                   0.20, , , , , , , , , , , , ,              14.60,            13.29,           64.00,             52.76, 16.00            , 7.37                               ,              60.89, 0.50                                 , 0.81                         , 8.00                  , 0.04                                   , 0.00                     , 2.00         , 3.00                    , 2.16                              ,               50.00, -                                                            , 78.40
    , Ukraine                 ,                                                      1.40,                                                      1.40, 0.20                                              ,                                         2.80,                                46.00,                                        91.00,                               0.89, 59.00                                           ,                          91.00,                                    0.98, -                                                                               ,                                                           14.59,                                                       13.10,                                            44.66, -                                                                                    ,                                                 46.75, -                                                   , -                                                      , "2,104.26"                                                             , 42.82                                                     ,                                                                   4.95, -                                              , -                                                , -                                        , 0.86                                                                                                                                ,                                                       60.00, 4.40                                               , 16.64                                                , 6.00                                                          ,                               4.00,                             0.23,              41.00,                                                                                   15.00,                                       0.42, 0.0001000                                                     ,                                          0.03,                                                                5.80,                                                     8.90,                                                                                    11.46, 0.00                                     , -                                                                                        ,                                                                     0.02, 0.07                                                                                                                 , -                                                     ,                                                17.90,                                                                                   0.16, , , , , , , , , , , , ,               9.00,            10.99,           64.00,             52.40, 17.00            , -                                  ,              51.81, 0.00                                 , -                            , 5.00                  , -                                      , -                        , 2.00         , 1.00                    , -                                 ,               59.67, -                                                            , 44.10
    , United Arab Emirates    ,                                                      0.90,                                                      0.40, 0.01                                              ,                                         0.50,                               692.00,                                       382.00,                               1.00, 763.00                                          ,                         100.00,                                    1.13, 47.60                                                                           ,                                                           47.16,                                                       19.95,                                            57.13, "9,880.80"                                                                           ,                                                 76.18, "8,307.93"                                          , 237.10                                                 , "12,723.88"                                                            , 54.68                                                     ,                                                                   5.90, 2.90                                           , -                                                , 1.68                                     , 1.85                                                                                                                                ,                                                      187.00, 23.40                                              , 49.84                                                , 10.00                                                         ,                              38.00,                             0.66,               3.00,                                                                                   80.95,                                       0.05, 0.0025000                                                     ,                                          4.35,                                                               12.06,                                                    18.90,                                                                                    16.14, 0.05                                     , "178,831.66"                                                                             ,                                                                     0.07, -                                                                                                                    , -                                                     ,                                                 8.70,                                                                                   0.11, , , , , , , , , , , , ,              64.00,            40.49,           84.00,             73.77, 29.00            , 68.16                              ,              67.95, 11.40                                , 0.79                         , 6.00                  , 0.32                                   , -                        , 13.00        , 11.00                   , 1.31                              ,               33.33, 9.00                                                         , 24.30
    , United Kingdom          ,                                                      0.30,                                                      0.30, 0.03                                              ,                                         1.00,                                72.00,                                       162.00,                               0.96, -                                               ,                         100.00,                                    0.92, 25.50                                                                           ,                                                           72.76,                                                       32.76,                                            84.39, "9,340.97"                                                                           ,                                                 86.80, "6,359.80"                                          , 121.80                                                 , "12,346.17"                                                            , 74.50                                                     ,                                                                  15.15, 4.74                                           , 215.00                                           , 5.21                                     , 0.66                                                                                                                                ,                                                      178.00, 36.00                                              , 91.61                                                , 7.00                                                          ,                              35.00,                             2.05,              22.00,                                                                                  206.91,                                       4.95, 0.0002000                                                     ,                                          3.76,                                                               30.95,                                                    24.50,                                                                                    24.94, 0.31                                     , "82,038.60"                                                                              ,                                                                     0.06, 0.06                                                                                                                 , 0.14                                                  ,                                                46.30,                                                                                   0.05, , , , , , , , , , , , ,              38.90,            50.34,           70.00,             72.49, 27.00            , 84.81                              ,              75.90, 9.50                                 , 1.13                         , 32.00                 , 0.12                                   , 0.02                     , 25.00        , 23.00                   , 9.26                              ,              100.00, 67.00                                                        , 24.30
    , United States of America,                                                      0.70,                                                      0.70, 0.03                                              ,                                         0.80,                               198.00,                                       306.00,                               0.96, 113.00                                          ,                          99.00,                                    1.01, 24.60                                                                           ,                                                           79.16,                                                       41.39,                                            97.14, "15,002.00"                                                                          ,                                                 74.25, -                                                   , 187.60                                                 , "13,463.86"                                                            , 84.87                                                     ,                                                                   2.78, 3.50                                           , 65.00                                            , 9.90                                     , 10.86                                                                                                                               ,                                                      561.00, 43.90                                              , 111.02                                               , 8.00                                                          ,                              31.00,                             4.19,              54.00,                                                                                  252.05,                                      69.55, -                                                             ,                                          9.89,                                                              107.64,                                                    21.30,                                                                                    21.65, 0.22                                     , "16,420.28"                                                                              ,                                                                     0.05, 0.07                                                                                                                 , 0.09                                                  ,                                                21.60,                                                                                   0.30, , , , , , , , , , , , ,              28.30,            90.92,           78.00,             91.77, 100.00           , "6,480.00"                         ,              85.96, 100.00                               , 1.90                         , 100.00                , 0.37                                   , 0.05                     , 100.00       , 100.00                  , 68.93                             ,              100.00, 669.00                                                       , -
    , Uzbekistan              ,                                                      0.90,                                                      0.90, 0.47                                              ,                                         1.30,                                51.00,                                        91.00,                               0.82, 111.00                                          ,                          97.00,                                    0.91, -                                                                               ,                                                           13.82,                                                       11.79,                                            35.38, -                                                                                    ,                                                 41.11, 581.64                                              , 270.10                                                 , "1,743.47"                                                             , 34.34                                                     ,                                                                   1.16, 0.44                                           , 2.00                                             , 1.04                                     , 0.58                                                                                                                                ,                                                       41.00, -                                                  , -                                                    , 3.00                                                          ,                               3.00,                             0.29,               7.00,                                                                                   10.05,                                       0.04, 0.0003000                                                     ,                                          0.07,                                                                0.32,                                                     3.70,                                                                                     4.31, 0.00                                     , -                                                                                        ,                                                                     0.05, -                                                                                                                    , -                                                     ,                                                10.80,                                                                                   0.21, , , , , , , , , , , , ,               6.30,             5.84,           83.00,             47.05, -                , -                                  ,              45.14, -                                    , -                            , -                     , -                                      , -                        , -            , -                       , -                                 ,               33.33, -                                                            , -
    , Viet Nam                ,                                                      1.00,                                                      1.10, 0.17                                              ,                                         1.80,                               179.00,                                       287.00,                               0.86, 128.00                                          ,                         100.00,                                    0.98, 42.50                                                                           ,                                                           35.46,                                                       11.40,                                            33.50, "2,371.49"                                                                           ,                                                 80.93, "5,786.49"                                          , 128.40                                                 , "4,793.69"                                                             , 24.65                                                     ,                                                                   1.14, 2.59                                           , -                                                , 1.15                                     , 1.37                                                                                                                                ,                                                       59.00, 6.50                                               , 16.02                                                , 17.00                                                         ,                              13.00,                             0.17,              51.00,                                                                                   12.74,                                       0.67, 0.0002000                                                     ,                                          0.21,                                                               19.70,                                                     5.30,                                                                                     5.94, 0.00                                     , -                                                                                        ,                                                                     0.05, -                                                                                                                    , -                                                     ,                                                44.90,                                                                                   0.62, , , , , , , , , , , , ,              23.50,            10.66,           48.00,             57.41, 22.00            , -                                  ,              60.74, 0.20                                 , -                            , 6.00                  , -                                      , -                        , 2.00         , 1.00                    , -                                 ,               33.33, -                                                            , 81.10
    ,                         ,                                                          ,                                                          ,                                                   ,                                             ,                                     ,                                             ,                                   ,                                                 ,                               ,                                        ,                                                                                 ,                                                                ,                                                            ,                                                 ,                                                                                      ,                                                      ,                                                     ,                                                        ,                                                                        ,                                                           ,                                                                       ,                                                ,                                                  ,                                          ,                                                                                                                                     ,                                                            ,                                                    ,                                                      ,                                                               ,                                   ,                                 ,                   ,                                                                                        ,                                           ,                                                               ,                                              ,                                                                    ,                                                         ,                                                                                         ,                                          ,                                                                                          ,                                                                         ,                                                                                                                      ,                                                       ,                                                     ,                                                                                       , , , , , , , , , , , , ,                   ,                 ,                ,                  ,                  ,                                    ,                   ,                                      ,                              ,                       ,                                        ,                          ,              ,                         ,                                   ,                    ,                                                              , 
    , Coefficient of variation,                                                      0.90,                                                      0.76, 1.06                                              ,                                         1.47,                                 0.90,                                         0.61,                               0.21, 0.62                                            ,                           0.08,                                    0.25, 0.34                                                                            ,                                                            0.37,                                                        0.56,                                             0.37, 0.92                                                                                 ,                                                  0.26, 0.62                                                , 0.67                                                   , 0.61                                                                   , 0.38                                                      ,                                                                   1.71, 0.86                                           , 1.92                                             , 1.34                                     , 1.09                                                                                                                                ,                                                        0.74, 0.65                                               , 0.50                                                 , 0.68                                                          ,                               1.21,                             0.90,               1.53,                                                                                    0.92,                                       4.26, 1.7709101                                                     ,                                          1.58,                                                                1.67,                                                     0.54,                                                                                     0.46, 1.32                                     , 3.21                                                                                     ,                                                                     1.72, 0.40                                                                                                                 , 0.73                                                  ,                                                     ,                                                                                       , , , , , , , , , , , , ,                   ,                 ,                ,                  ,                  ,                                    ,                   ,                                      ,                              ,                       ,                                        ,                          ,              ,                         ,                                   ,                    ,                                                              , 