type,name,year,unit,frequency,source,link,comment,notes,cleared_for_sharing,description,copyright_privacy_note,keywords,footnotes
Global Connect Indicator,Percent of primary schools with access to internet,2022,percent,,OWID,https://ourworldindata.org/internet,Have one earlier datapoint for most countries ~2016,,TBA,,,,Some countries for which data was missing from OWID have been compiled from various other sources. 
Global Connect Indicator,Percent of web traffic through mobile devices,2022,percent,,Statcounter vis Statista,https://gs.statcounter.com/platform-market-share/desktop-mobile-tablet/nigeria/#yearly-2021-2021-bar,,,TBA,,,,
Global Connect Indicator,Percent of population using the internet,2021; 2022,percent,,"ITU, IMRB, OECD Digital Toolkit, World Bank, Statista for 2020/2021; ITU, World Bank and other sources for 2023.",,"Different sources - Need to check if this is comparable across years, or if not, then change the previous years data to match the 2023 data - otherwise don't put them together",,TBA,,,,"For countries where data was not available for 2021, data from 2020 has been entered. "
Global Connect Indicator,Percent of people using a smartphone,2021; 2022,percent,,Newzoo (via Statista) and APEXX,https://www.statista.com/statistics/539395/smartphone-penetration-worldwide-by-country/,There is more historical data,,TBA,,,,"Some countries for which values were missing from Newzoo/Statista, data from APEXX was used (Brazil, Argentina, Australia, South Korea, Canada, Indonesia, Italy)"
Global Connect Indicator,Mobile cellular telephone subscriptions (millions),2021; 2022,million subscriptions,,ITU,,There is more historical data. Waiting for ITU update for latest data. Need to add Saudi data,,TBA,,,,"For countries where data was not available for 2021, data from 2020 has been entered. "
Global Connect Indicator,Mobile cellular subscriptions (per 100 people),2022,subscriptions per 100 inhabitants,,World Bank Databank (from ITU),,,,TBA,,,,"For countries where data was not available for 2022, data from 2021 has been entered. "
Global Connect Indicator,Active Mobile Broadband Subscriptions as a percentage of Total Mobile Broadband subscriptions,2021; 2022,percent,,ITU,,"There is more historical data. Waiting for ITU update for latest data. Need to add Saudi data. Data for France and Norway for 2021 are from 2020, the latest avilable in the ITU ICT Database",,TBA,,,,"For countries where data was not available for 2021, data from 2020 has been entered. "
Global Connect Indicator,Active Mobile Broadband Subscription per 100 inhabitants,2021; 2022,subscriptions per 100 inhabitants,,ITU,,There is more historical data. Waiting for ITU update for latest data. Need to add Saudi data,,TBA,,,,"For countries where data was not available for 2021, data from 2020 has been entered. "
Global Connect Indicator,Fixed Broadband Subscriptions per 100 inhabitants,2021; 2022,subscriptions per 100 inhabitants,,ITU,,There is more historical data. Waiting for ITU update for latest data. Need to add Saudi data,,TBA,,,,"For countries where data was not available for 2021, data from 2020 has been entered. "
Global Connect Indicator,Average monthly fixed broadband traffic per fixed broadband subscription,2021,MB,,ITU DDD (Digital Development Dashboard),,There is more historical data. Waiting for ITU update for latest data. Need to add Saudi data,,TBA,,,,
Global Connect Indicator,Average monthly mobile internet traffic per mobile  broadband subscription ,2021,MB,,ITU DDD (Digital Development Dashboard),,There is more historical data. Waiting for ITU update for latest data. Need to add Saudi data,,TBA,,,,
Global Connect Indicator,Median Mobile Download Speed,2022,mbps,,Speedtest.net,,,,TBA,,,,"As of February, 2022"
Global Connect Indicator,Median Fixed Broadband Download Speed,2022,mbps,,Speedtest.net,,,,TBA,,,,"As of February, 2022"
Global Connect Indicator,Mean Mobile Download Speed,2022,mbps,,Speedtest.net,,Can update for latest data,,TBA,,,,"As of March, 2022"
Global Connect Indicator,Mean Fixed Broadband Download Speed,2022,mbps,,Speedtest.net,,Can update for latest data,,TBA,,,,"As of March, 2022"
Global Connect Indicator,Percent of male population that are internet users,2022,percent,,ITU and 3i,,,,,,,,
Global Connect Indicator,Percent of female population that are internet users,2022,percent,,ITU and 3i,,,,,,,,
Global Connect Indicator,Gender gap (male-female) in percent of population using the internet,2022,percent,,Calculations based on ITU and 3i,,,,,,,,Percentage point difference divided by total percent of population using the internet
Global Connect Indicator,Price of fixed broadband basket as a percent of monthly GNI per capita,2014-2022,percent,Annual,ITU Price Baskets,https://www.itu.int/en/ITU-D/Statistics/Dashboards/Pages/IPB.aspx,,,TBA,,,,Details of price baskets and the methodology are available here: https://www.itu.int/en/ITU-D/Statistics/Dashboards/Pages/IPB.aspx
Global Connect Indicator,Price of mobile data and voice basket (low consumption) as a percent of monthly GNI per capita,2018-2022,percent,Annual,ITU Price Baskets,https://www.itu.int/en/ITU-D/Statistics/Dashboards/Pages/IPB.aspx,,,TBA,,,,Details of price baskets and the methodology are available here: https://www.itu.int/en/ITU-D/Statistics/Dashboards/Pages/IPB.aspx
Global Connect Indicator,Price of mobile data and voice basket (high consumption) as a percent of monthly GNI per capita,2018-2022,percent,Annual,ITU Price Baskets,https://www.itu.int/en/ITU-D/Statistics/Dashboards/Pages/IPB.aspx,,,TBA,,,,Details of price baskets and the methodology are available here: https://www.itu.int/en/ITU-D/Statistics/Dashboards/Pages/IPB.aspx
Global Connect Indicator,Price of mobile cellular basket (low usage) as a percent of monthly GNI per capita,2014-2022,percent,Annual,ITU Price Baskets,https://www.itu.int/en/ITU-D/Statistics/Dashboards/Pages/IPB.aspx,"
",,TBA,,,,Details of price baskets and the methodology are available here: https://www.itu.int/en/ITU-D/Statistics/Dashboards/Pages/IPB.aspx
Global Connect Indicator,Price of mobile cellular basket as a percent of monthly GNI per capita,2021,percent,Annual,ITU Price Baskets,https://www.itu.int/en/ITU-D/Statistics/Dashboards/Pages/IPB.aspx,,,TBA,,,,Details of price baskets and the methodology are available here: https://www.itu.int/en/ITU-D/Statistics/Dashboards/Pages/IPB.aspx
Global Connect Indicator,Price of mobile broadband basket as a percent of monthly GNI per capita,2021,percent,Annual,ITU Price Baskets,https://www.itu.int/en/ITU-D/Statistics/Dashboards/Pages/IPB.aspx,,,TBA,,,,"Combined time series for entry-level data-only mobile-broadband basket. From 2013 to 2017, the basket is composed of the cheapest post-paid, computer-based plan for a USB/dongle providing at least 1 GB of monthly data using at least 3G technology; from 2018 to 2020, the basket refers to the cheapest mobile broadband plan providing at least 1.5 GB of monthly data using at least 3G technology; from 2021, the basket refers of the cheapest mobile broadband plan providing at least 2 GB of monthly data using at least 3G technology. Details of price baskets and the methodology are available here: https://www.itu.int/en/ITU-D/Statistics/Dashboards/Pages/IPB.aspx"
Global Connect Indicator,Average price of 1GB of mobile data (USD),,USD,,Cable.co.uk,https://www.cable.co.uk/mobiles/worldwide-data-pricing,,,TBA,,,,"Only consumer SIM packages were included. Business/enterprise SIM deals were excluded, as were tourist SIMs and SIMs that offer multi-buy discounts or discounts to customers who are already signed up to other services from the provider.  In the handful of cases where only unlimited data deals are available in a certain country, the average data usage, per user, in that country was used to calculate the cost of 1GB. More details here."
Global Connect Indicator,Price of 1GB of mobile data through cheapest option (USD),,USD,,Cable.co.uk,https://www.cable.co.uk/mobiles/worldwide-data-pricing,,,TBA,,,,"This is the cheapest means of obtaining 1GB of data. It is not simply the price of the cheapest package. Only consumer SIM packages were included. Business/enterprise SIM deals were excluded, as were tourist SIMs and SIMs that offer multi-buy discounts or discounts to customers who are already signed up to other services from the provider.  In the handful of cases where only unlimited data deals are available in a certain country, the average data usage, per user, in that country was used to calculate the cost of 1GB. More details here."
Global Connect Indicator,Price of 1GB of mobile data through most expensive option (USD),,USD,,Cable.co.uk,https://www.cable.co.uk/mobiles/worldwide-data-pricing,,,TBA,,,,"This is the most expensive means of obtaining 1GB of data, not the cost of the most expensive package itself. Only consumer SIM packages were included. Business/enterprise SIM deals were excluded, as were tourist SIMs and SIMs that offer multi-buy discounts or discounts to customers who are already signed up to other services from the provider.  In the handful of cases where only unlimited data deals are available in a certain country, the average data usage, per user, in that country was used to calculate the cost of 1GB. More details here."
Global Connect Indicator,Average price of 1GB of mobile data (local currency),,local currency,,Cable.co.uk,https://www.cable.co.uk/mobiles/worldwide-data-pricing,,,TBA,,,,
Global Connect Indicator,Average price of 1GB of mobile data (USD) (PPP adjusted),,USD (PPP adjusted),,Cable.co.uk,https://www.cable.co.uk/mobiles/worldwide-data-pricing,,,TBA,,,,Converted using 2020 Purchasing Power Parities (National currency units/US dollar) from OECD
Global Connect Indicator,Price of 1GB of mobile data through cheapest option (local currency),,local currency,,Cable.co.uk,https://www.cable.co.uk/mobiles/worldwide-data-pricing,,,TBA,,,,
Global Connect Indicator,Price of 1GB of mobile data through cheapest option (USD) (PPP adjusted),,USD (PPP adjusted),,Cable.co.uk,https://www.cable.co.uk/mobiles/worldwide-data-pricing,,,TBA,,,,Converted using 2020 Purchasing Power Parities (National currency units/US dollar) from OECD
Global Connect Indicator,Average price of 1 GB data (% of per capita income),,percent,,Cable.co.uk,,,,TBA,,,,
Global Connect Indicator,Price of cheapest smartphone (% of average monthly income),,percent,,Alliance for Affordable Internet,,,,TBA,,,,
Global Connect Indicator,GSMA MCI index score for device price,,score,,GSMA MCI 2021,,,,TBA,,,,"GSMA's score is based on the cost of the cheapest internet-enabled feature phone or smartphone (originally expresed as a proportion of monthly GDP per capita). It has been normalised to have a value within a range of 0 to 100, with a higher score representing stronger performance."
Global Connect Indicator,Percent of businesses with broadband connection (fixed or mobile),,percent,,OECD Statistics,https://stats.oecd.org/index.aspx?lang=en,,,TBA,,,,For businesses with 10 or more employees.
Global Connect Indicator,Percent of businesses with broadband contracted speed of 30 Mbps or more,,percent,,OECD Digital Toolkit,https://goingdigital.oecd.org/en/indicator/14,,,TBA,,,,"For businesses with 10 or more employees. Data shown for the year 2021 is a combination of data for the years 2020 and 2021, as per the latest availability for each country."
Global Connect Indicator,Growth Rate in Number of Active Mobile Broadband Subscriptions (%) (CAGR 2014-2021),2021,percent,,ITU-D ICT Statistics,,,,TBA,,,,"CAGR calculated by ICRIER researchers. Data for France are from 2020, the latest available in the ITU-D ICT Statistics Database."
Global Connect Indicator,Number of Active Mobile Broadband Subscriptions,2014-2021,millions of subscriptions,,ITU-D ICT Statistics,,,,TBA,,,,"Data for France are from 2020, the latest available in the ITU-D ICT Statistics Database"
Global Harness Indicator,Percent of internet users (16-64 years) using social media for work related activities,2021; 2022,percent,Annual,DataReportal,https://www.slideshare.net/DataReportal/digital-2023-global-overview-report-summary-version-january-2023-v02,,,TBA,,,,
Global Harness Indicator,Average daily time spent on internet (minutes) (internet users aged 16-64),2021; 2022,minutes,Annual,DataReportal,https://www.slideshare.net/DataReportal/digital-2023-global-overview-report-summary-version-january-2023-v02,,,TBA,,,,
Global Harness Indicator,Percent of total time on internet through mobile phone,2021; 2022,percent,Annual,DataReportal,https://www.slideshare.net/DataReportal/digital-2023-global-overview-report-summary-version-january-2023-v02,,,TBA,,,,
Global Harness Indicator,Percent of total time on internet through computer,,percent,Annual,DataReportal,https://www.slideshare.net/DataReportal/digital-2023-global-overview-report-summary-version-january-2023-v02,,,TBA,,,,
Global Harness Indicator,Percent of population using Digital Food Delivery Platforms,2022,percent,Annual,Statista,,,,TBA,Online Food Delivery refers to the intersection of ordering groceries and prepared meals online. Orders are typically placed through an app or website and delivery times vary. User and revenue figures represent B2C services.,,,Online Food Delivery refers to the intersection of ordering groceries and prepared meals online. Orders are typically placed through an app or website and delivery times vary. User and revenue figures represent B2C services.
Global Harness Indicator,Percent of population using Digital Health Applications,2022,percent,Annual,Statista,,,,TBA,"The Digital Health market refers to the use of technology to improve health and healthcare delivery. It includes digital fitness and well-being, online doctor consultation, and digital treatment and care segments. The Digital Health ecosystem is composed of three pillars:
Digital Fitness & Well-Being: This market includes fitness trackers, health & wellness coaching, tools that help individuals monitor and improve their health and well-being.
Online Doctor Consultation: This market includes telemedicine and other digital tools that allow patients to consult with doctors remotely.
Digital Treatment and Care: This market includes digital tools that are used to diagnose, treat, and manage medical conditions. It includes connected biometric sensors, and digital care management market.",,,"The Digital Health market refers to the use of technology to improve health and healthcare delivery. It includes digital fitness and well-being, online doctor consultation, and digital treatment and care segments. "
Global Harness Indicator,Percent of population using e-commerce,2022,percent,Annual,Statista,,,,TBA,,,,
Global Harness Indicator,Percent of internet users using Digital Food Delivery Platforms,2023,percent,Annual,Statista,,,,TBA,,,,"Computed based on Statista's market estimates, and IPCIDE team's compilation of the number of internet users. Online Food Delivery refers to the intersection of ordering groceries and prepared meals online. Orders are typically placed through an app or website and delivery times vary. User and revenue figures represent B2C services."
Global Harness Indicator,Percent of internet users using Digital Health Applications,2023,percent,Annual,Statista,,,,TBA,,,,"Computed based on Statista's market estimates, and IPCIDE team's compilation of the number of internet users. The Digital Health market refers to the use of technology to improve health and healthcare delivery. It includes digital fitness and well-being, online doctor consultation, and digital treatment and care segments. "
Global Harness Indicator,Value of digital payment transactions (billion USD) ,2022,trillion USD,Annual,Statista,,,,TBA,,,,
Global Harness Indicator,Value of digital payment transactions (USD) (PPP adjusted) per internet user,,(USD) (PPP adjusted),Annual,,,,,TBA,,,,
Global Harness Indicator,Percent of population that made or received a digital payment,,Percent,Annual,Findex,,,,TBA,,,,"Population aged 15+. Those who report using mobile money, a debit/ credit card, or a mobile phone to make a payment from an account; or who use the internet to pay bills or to buy something online or in a store in the past year."
Global Harness Indicator,Percent of internet users that made or received a digital payment,,Percent,Annual,"Findex, World Bank Databank, ITU and other sources",,,,TBA,,,,"Estimated based on Findex data, World Bank data bank's estimated population aged 15+, and IPCIDE team's compilation of the number of internet users"
Global Harness Indicator,Advertising Spends,2022,USD billion,Annual,Statista,,,,TBA,,,,
Global Harness Indicator,Online Service Index Score,2022,score,Annual,UN E-government Survey,,There is more historical data,,TBA,"The Online Service Index is part of the E-Government Development Index (EGDI), which is a composite measure of three important dimensions of e-government, namely: provision of online services, telecommunication connectivity and human capacity. The EGDI is not designed to capture e-government development in an absolute sense; rather, it aims to give a performance rating of national governments relative to one another and is based on a comprehensive Survey of the online presence of all 193 United Nations Member States.The OSI is calculated based on 5 subindices with the following weights based on the relative proportion of questions belonging to the associated category in the OSI assessment questionnaire: Institutional framework (10%), Service provision (45%), Content Provision (5%), Technology (5%), E-participation (35%) nology (TEC) and e-participation (EPI). The OSI as a whole calculated based on the normalized values for each subindex.",,,"The Online Service Index is part of the E-Government Development Index (EGDI), which is a composite measure of three important dimensions of e-government: provision of online services, telecommunication connectivity and human capacity. The EGDI is not designed to capture e-government development in an absolute sense, but to give a relative rating of  governments' performance."
Global Harness Indicator,Percent of population using e-commerce,2022,percent,,Statista Market Forecast,,,,TBA,,,,
Global Harness Indicator,Percent of internet users using e-commerce,2022,percent,,Statista Market Forecast,,,,TBA,,,,
Global Harness Indicator,E-commerce users (million),2022,millions of users,,Statista Market Forecast,,,,TBA,,,,
Global Harness Indicator,Average cost of data breach (million USD),2022,million USD,,IBM Cost of a Data Breach Reports,,,,TBA,,,,"Breaches included range from 2200-102,000 compromised records. Researchers collected in-depth qualitative data through over 3,600 separate interviews with individuals at 550 organisations that suffered a data breach between March 2021 and March 2022. Interviewees included IT, compliance and information security practitioners familiar with their organisation’s data breach and the costs associated with resolving the breach."
Global Harness Indicator,No. of mobile app downloads per 100 internet users,2022,app downloads per 100 internet uers,,Business of Apps,,,,TBA,,,,
Global Harness Indicator,Video on Demand users per 100 internet users,2022,VoD users per 100 internet users,,Statista,,,,TBA,,,,
Global Innovate Indicator,Growth in AI Publications by country (CAGR 2000-2021),2001-2021,pecent growth,,OECD.AI,https://oecd.ai/en/trends-and-data ,,,TBA,,,,
Global Innovate Indicator,Number of AI Publications by country,2001-2021,publications,,OECD.AI,https://oecd.ai/en/trends-and-data ,,,TBA,,,,
Global Innovate Indicator,Percent of worldwide Github commits in opensource AI projects contributed by country,2011-2022,percent,,OECD.AI,https://oecd.ai/en/trends-and-data ,,,TBA,,,,
Global Innovate Indicator,Venture capital investments in AI,2018-2022,million USD,,OECD.AI,https://oecd.ai/en/trends-and-data ,,,TBA,,,,
Global Innovate Indicator,Probability that the selected AI skills appears in an IT-related job posting,2021,probability (%),,OECD.AI,https://oecd.ai/en/trends-and-data ,,,TBA,,,,"Prevalence of workers with AI skills – as self-reported by LinkedIn members from 2015-2022 – compared to the average of the countries included in the chart. A country’s AI skills penetration for women of 1.5 means that female workers in that country are 1.5X more likely to report AI skills than the average female worker in all countries pooled together. Note: Average from 2015 to 2022 for a selection of countries with 100 000 LinkedIn members or more. The value represents the ratio between a country’s AI skills penetration and the average AI skills penetration of all countries in the sample for the selected gender, controlling for occupations. To ensure representativeness, only countries meeting LinkedIn’s sample size thresholds for the selected gender are displayed. Data downloads provide a snapshot in time. Caution is advised when comparing different versions of the data, as the AI-related concepts identified by the machine learning algorithm may evolve in time. Please see methodological note for more information."
Global Innovate Indicator,"Likelihood of a worker having AI skills against the cross-country average, by gender (female)",2015-2021,likelihood,,OECD.AI,https://oecd.ai/en/trends-and-data ,,,TBA,,,,"Prevalence of workers with AI skills – as self-reported by LinkedIn members from 2015-2022 – compared to the average of the countries included in the chart. A country’s AI skills penetration for women of 1.5 means that female workers in that country are 1.5X more likely to report AI skills than the average female worker in all countries pooled together. Note: Average from 2015 to 2022 for a selection of countries with 100 000 LinkedIn members or more. The value represents the ratio between a country’s AI skills penetration and the average AI skills penetration of all countries in the sample for the selected gender, controlling for occupations. To ensure representativeness, only countries meeting LinkedIn’s sample size thresholds for the selected gender are displayed. Data downloads provide a snapshot in time. Caution is advised when comparing different versions of the data, as the AI-related concepts identified by the machine learning algorithm may evolve in time. Please see methodological note for more information."
Global Innovate Indicator,"Likelihood of a worker having AI skills against the cross-country average, by gender (male)",2015-2021,likelihood,,OECD.AI,https://oecd.ai/en/trends-and-data ,,,TBA,,,,"Prevalence of workers with AI skills – as self-reported by LinkedIn members from 2015-2022 – compared to the average of the countries included in the chart. A country’s AI skills penetration for women of 1.5 means that female workers in that country are 1.5X more likely to report AI skills than the average female worker in all countries pooled together. Note: Average from 2015 to 2022 for a selection of countries with 100 000 LinkedIn members or more. The value represents the ratio between a country’s AI skills penetration and the average AI skills penetration of all countries in the sample for the selected gender, controlling for occupations. To ensure representativeness, only countries meeting LinkedIn’s sample size thresholds for the selected gender are displayed. Data downloads provide a snapshot in time. Caution is advised when comparing different versions of the data, as the AI-related concepts identified by the machine learning algorithm may evolve in time. Please see methodological note for more information."
Global Innovate Indicator,"Likelihood of a worker having AI skills against the cross-country average, by sector (Finance)",2015-2021,likelihood,,OECD.AI,https://oecd.ai/en/trends-and-data ,,,TBA,,,,"Prevalence of workers with AI skills – as self-reported by LinkedIn members from 2015-2022 – compared to the average of the countries included in the chart. A country’s AI skills penetration for women of 1.5 means that female workers in that country are 1.5X more likely to report AI skills than the average female worker in all countries pooled together. Note: Average from 2015 to 2022 for a selection of countries with 100 000 LinkedIn members or more. The value represents the ratio between a country’s AI skills penetration and the average AI skills penetration of all countries in the sample for the selected gender, controlling for occupations. To ensure representativeness, only countries meeting LinkedIn’s sample size thresholds for the selected gender are displayed. Data downloads provide a snapshot in time. Caution is advised when comparing different versions of the data, as the AI-related concepts identified by the machine learning algorithm may evolve in time. Please see methodological note for more information."
Global Innovate Indicator,"Likelihood of a worker having AI skills against the cross-country average, by sector (Education)",2015-2021,likelihood,,OECD.AI,https://oecd.ai/en/trends-and-data ,,,TBA,,,,"Prevalence of workers with AI skills – as self-reported by LinkedIn members from 2015-2022 – compared to the average of the countries included in the chart. A country’s AI skills penetration for women of 1.5 means that female workers in that country are 1.5X more likely to report AI skills than the average female worker in all countries pooled together. Note: Average from 2015 to 2022 for a selection of countries with 100 000 LinkedIn members or more. The value represents the ratio between a country’s AI skills penetration and the average AI skills penetration of all countries in the sample for the selected gender, controlling for occupations. To ensure representativeness, only countries meeting LinkedIn’s sample size thresholds for the selected gender are displayed. Data downloads provide a snapshot in time. Caution is advised when comparing different versions of the data, as the AI-related concepts identified by the machine learning algorithm may evolve in time. Please see methodological note for more information."
Global Innovate Indicator,"Likelihood of a worker having AI skills against the cross-country average, by sector (Software & IT services)",2015-2021,likelihood,,OECD.AI,https://oecd.ai/en/trends-and-data ,,,TBA,,,,"Prevalence of workers with AI skills – as self-reported by LinkedIn members from 2015-2022 – compared to the average of the countries included in the chart. A country’s AI skills penetration for women of 1.5 means that female workers in that country are 1.5X more likely to report AI skills than the average female worker in all countries pooled together. Note: Average from 2015 to 2022 for a selection of countries with 100 000 LinkedIn members or more. The value represents the ratio between a country’s AI skills penetration and the average AI skills penetration of all countries in the sample for the selected gender, controlling for occupations. To ensure representativeness, only countries meeting LinkedIn’s sample size thresholds for the selected gender are displayed. Data downloads provide a snapshot in time. Caution is advised when comparing different versions of the data, as the AI-related concepts identified by the machine learning algorithm may evolve in time. Please see methodological note for more information."
Global Innovate Indicator,Percent of frontier firms adopting Cloud computing,2020,percent,,"World Economic Forum Future of Jobs report, 2020",,,,TBA,,,,"The report’s data set contains 291 unique responses by global companies, collectively representing more than 7.7 million
employees worldwide. Sixty-five per cent of the final sample is composed of multinational companies, while 35 per cent is
from larger local companies, significant in terms of revenue or size, across various sectors. Small companies with less than 100
employees and informal sector companies are not included."
Global Innovate Indicator,Percent of frontier firms adopting AI (Machine learning),2020,percent,,"World Economic Forum Future of Jobs report, 2021",,,,TBA,,,,"The report’s data set contains 291 unique responses by global companies, collectively representing more than 7.7 million employees worldwide. Sixty-five per cent of the final sample is composed of multinational companies, while 35 per cent is from larger local companies, significant in terms of revenue or size, across various sectors. Small companies with less than 100 employees and informal sector companies are not included."
Global Innovate Indicator,Percent of frontier firms adopting Big data analytics,2020,percent,,"World Economic Forum Future of Jobs report, 2022",,,,TBA,,,,"The report’s data set contains 291 unique responses by global companies, collectively representing more than 7.7 million employees worldwide. Sixty-five per cent of the final sample is composed of multinational companies, while 35 per cent is from larger local companies, significant in terms of revenue or size, across various sectors. Small companies with less than 100 employees and informal sector companies are not included."
Global Innovate Indicator,Percent of frontier firms adopting Internet of Things,2020,percent,,"World Economic Forum Future of Jobs report, 2023",,,,TBA,,,,"The report’s data set contains 291 unique responses by global companies, collectively representing more than 7.7 million employees worldwide. Sixty-five per cent of the final sample is composed of multinational companies, while 35 per cent is from larger local companies, significant in terms of revenue or size, across various sectors. Small companies with less than 100 employees and informal sector companies are not included."
Global Innovate Indicator,Percent of frontier firms adopting ecommerce and digital trade,2020,percent,,"World Economic Forum Future of Jobs report, 2024",,,,TBA,,,,"The report’s data set contains 291 unique responses by global companies, collectively representing more than 7.7 million employees worldwide. Sixty-five per cent of the final sample is composed of multinational companies, while 35 per cent is from larger local companies, significant in terms of revenue or size, across various sectors. Small companies with less than 100 employees and informal sector companies are not included."
Global Innovate Indicator,Percent of frontier firms adopting encryption and cybersecurity,2020,percent,,"World Economic Forum Future of Jobs report, 2025",,,,TBA,,,,"The report’s data set contains 291 unique responses by global companies, collectively representing more than 7.7 million employees worldwide. Sixty-five per cent of the final sample is composed of multinational companies, while 35 per cent is from larger local companies, significant in terms of revenue or size, across various sectors. Small companies with less than 100 employees and informal sector companies are not included."
Global Innovate Indicator,Percent of frontier firms adopting robots (Industrial automation and drones),2020,percent,,"World Economic Forum Future of Jobs report, 2026",,,,TBA,,,,"The report’s data set contains 291 unique responses by global companies, collectively representing more than 7.7 million employees worldwide. Sixty-five per cent of the final sample is composed of multinational companies, while 35 per cent is from larger local companies, significant in terms of revenue or size, across various sectors. Small companies with less than 100 employees and informal sector companies are not included."
Global Innovate Indicator,Percent of frontier firms adopting AR & VR,2020,percent,,"World Economic Forum Future of Jobs report, 2027",,,,TBA,,,,"The report’s data set contains 291 unique responses by global companies, collectively representing more than 7.7 million employees worldwide. Sixty-five per cent of the final sample is composed of multinational companies, while 35 per cent is from larger local companies, significant in terms of revenue or size, across various sectors. Small companies with less than 100 employees and informal sector companies are not included."
Global Innovate Indicator,Percent of frontier firms adopting 3D & 4D printing and modelling,2020,percent,,"World Economic Forum Future of Jobs report, 2028",,,,TBA,,,,"The report’s data set contains 291 unique responses by global companies, collectively representing more than 7.7 million employees worldwide. Sixty-five per cent of the final sample is composed of multinational companies, while 35 per cent is from larger local companies, significant in terms of revenue or size, across various sectors. Small companies with less than 100 employees and informal sector companies are not included."
Global Innovate Indicator,Percent of frontier firms adopting text and image processing,2020,percent,,"World Economic Forum Future of Jobs report, 2029",,,,TBA,,,,"The report’s data set contains 291 unique responses by global companies, collectively representing more than 7.7 million employees worldwide. Sixty-five per cent of the final sample is composed of multinational companies, while 35 per cent is from larger local companies, significant in terms of revenue or size, across various sectors. Small companies with less than 100 employees and informal sector companies are not included."
Global Innovate Indicator,Percent of frontier firms adopting distributed ledger technology,2020,percent,,"World Economic Forum Future of Jobs report, 2030",,,,TBA,,,,"The report’s data set contains 291 unique responses by global companies, collectively representing more than 7.7 million employees worldwide. Sixty-five per cent of the final sample is composed of multinational companies, while 35 per cent is from larger local companies, significant in terms of revenue or size, across various sectors. Small companies with less than 100 employees and informal sector companies are not included."
Global Innovate Indicator,Technology Frontier Readiness Index Score – Skills,2019,score,,UNCTAD (2019),,,,TBA,,,,Index ranges from 0 to 1
Global Innovate Indicator,Percent of population using smart home security,2021,percent,,Statista Market Forecast,,,,TBA,,,,
Global Innovate Indicator,Percent of population using smart watches,2021,percent,,Statista Market Forecast,,,,TBA,,,,
Global Innovate Indicator,Percent of population using smart home entertainment,2021,percent,,Statista Market Forecast,,,,TBA,,,,
Global Innovate Indicator,Percent of population using smart home energy management,2021,percent,,Statista Market Forecast,,,,TBA,,,,
Global Innovate Indicator,Percent of population using smart home control and connectivity,2021,percent,,Statista Market Forecast,,,,TBA,,,,
Global Innovate Indicator,Percent of population using blood pressure meters,2021,percent,,Statista Market Forecast,,,,TBA,,,,
Global Innovate Indicator,Percent of internet users in selected countries who have ever experienced any cybercrime,2021,percent,,Norton LifeLock Cyber Safety Insights report,,,,TBA,,,,"Based on a survey with the following sample sizes: Australia (1002), France (1001), Germany (1000), India (1000), Italy (1000), Japan (1000), New Zealand (1000), the UK (1000), and the US (1000) and Brazil (1000). Results presented in the report are after data was weighted according to their actual proportions in the population. India was weighted to the population of those who are online. Weighted variables varied by country and included one or more of the following: age, gender, race/ethnicity, region, education, marital status, internet usage, household size, household income, urbanization, and propensity to be online. A global postweight was applied to ensure equal weight for each country in the global total."
Global Innovate Indicator,Total Unicorn Valuation,2022,billion USD,,CBInsights,,,,TBA,,,,
Global Protect Indicators,Percent of attacks recorded against government sector,2021;2022,percent,,"CloudSEK XVigil, 2022",,,,TBA,,,,
Global Protect Indicators,Number of cyberattacks in the government sector,2022,number of cyberattacks,,"CloudSEK XVigil, 2022",,,,TBA,,,,
Global Protect Indicators,Number of cyberattacks in the government sector,2008-2022,number of cyberattacks,,"Cyber Operations Tracker, Council on Foreign Relations",,,,TBA,,,,
Global Protect Indicators,Publicly known state-sponsored cyber-attacks on India (Espionage),2008-2022,number of cyberattacks,,"Cyber Operations Tracker, Council on Foreign Relations",,,,TBA,,,,
Global Protect Indicators,Number of DDoS attacks against web applications and APIs ,2023,number of attacks,,Indusface,,,,TBA,,,,
Global Protect Indicators,Number of BOT attacks against web applications and APIs,2023,number of attacks,,Indusface,,,,TBA,,,,
Global Protect Indicators,% of businesses experiencing ICT Incidents (security breaches) (10 persons or more employed),2022,percent,,OECD,,,,TBA,,,,Values are the latest available of 2021 or 2022
Global Protect Indicators,Cybersecurity Patent Count (Cumulative from 2018 to 2022),2022,number of patents,,Wipro State of Cybersecurity Report 2022,,,,TBA,,,,
Global Protect Indicators,Number of ransomware attacks detected over a month,2023,number of attacks detected,,Kaspersky Cyberthreat real-time map,,,,TBA,,,,Number of attacks detected in the period of month during late 2023
Global Protect Indicators,Number of Secure servers per million population,2020,servers per million,,World Bank,,,,TBA,,,,
Global Protect Indicators,Total email leaks (quarterly average) (2020 Q3-2023 Q3) ,2023,email leaks per quarter,,Surfshark data breach monitoring,,,,TBA,,,,
Global Protect Indicators,Total email leaks per 100 internet users (quarterly average) (2020 Q3-2023 Q3) ,2023,email leaks per 100 internet user per quarter,,Surfshark data breach monitoring,,,,TBA,,,,"Computed based on Surfshark's estimates of email leaks, and IPCIDE team's compilation of the number of internet users from various sources."
Global Protect Indicators,Percent of respondents who are very concerned about online privacy,2019,percent,,IPSOS,,,,TBA,,,,
Global Protect Indicators,Percent of respondents who strongly agree that the internet is effectively governed,2022,percent,,IPSOS,,,,TBA,,,,
India (Nationwide) Connect Indicator,Number of Internet Subscribers per 100 people - Total,2014-2020,subscribers per 100 people,,TRAI Performance Indicators,https://www.trai.gov.in/release-publication/reports/performance-indicators-reports,Get latest values,,TBA,,,,"Values as of Q4 (December) of each year. Since there was a change in definition between 2013 and 2014, values before 2013 are not provided here.
"
India (Nationwide) Connect Indicator,Number of Internet Subscribers per 100 people - Urban,2014-2020,subscribers per 100 people,,TRAI Performance Indicators,https://www.trai.gov.in/release-publication/reports/performance-indicators-reports,Get latest values,,TBA,,,,"Values as of Q4 (December) of each year. Since there was a change in definition between 2013 and 2014, values before 2013 are not provided here.
"
India (Nationwide) Connect Indicator,Number of Internet Subscribers per 100 people - Rural,2014-2021,subscribers per 100 people,,TRAI Performance Indicators,https://www.trai.gov.in/release-publication/reports/performance-indicators-reports,Get latest values,,TBA,,,,"Values as of Q4 (December) of each year. Since there was a change in definition between 2013 and 2014, values before 2013 are not provided here.
"
India (Nationwide) Connect Indicator,Number of Internet Subscribers - Total,2014-2021,millions of subscribers,,TRAI Performance Indicators,https://www.trai.gov.in/release-publication/reports/performance-indicators-reports,Get latest values,,TBA,,,,Values as of Q4 (December) of each year
India (Nationwide) Connect Indicator,Number of Internet Subscribers - Urban,2014-2021,millions of subscribers,,TRAI Performance Indicators,https://www.trai.gov.in/release-publication/reports/performance-indicators-reports,Get latest values,,TBA,,,,Values as of Q4 (December) of each year
India (Nationwide) Connect Indicator,Number of Internet Subscribers - Rural,2014-2021,millions of subscribers,,TRAI Performance Indicators,https://www.trai.gov.in/release-publication/reports/performance-indicators-reports,Get latest values,,TBA,,,,Values as of Q4 (December) of each year
India (Nationwide) Connect Indicator,Number of Broadband Subscribers,2014-2021,millions of subscribers,,TRAI Performance Indicators,https://www.trai.gov.in/release-publication/reports/performance-indicators-reports,Get latest values,,TBA,,,,Values as of Q1 (March) of each year
India (Nationwide) Connect Indicator,Number of Wireless Internet Subscribers,2014-2021,millions of subscribers,,TRAI Performance Indicators,https://www.trai.gov.in/release-publication/reports/performance-indicators-reports,Get latest values,,TBA,,,,Values as of Q4 (December) of each year
India (Nationwide) Connect Indicator,Number of Mobile Internet Subscriptions,2014-2021,millions of subscribers,,TRAI Performance Indicators,https://www.trai.gov.in/release-publication/reports/performance-indicators-reports,Get latest values,,TBA,,,,Values as of Q4 (December) of each year
India (Nationwide) Connect Indicator,Total annual wireless data usage,2016-2021,million GB,,TRAI Performance Indicators,https://www.trai.gov.in/release-publication/reports/performance-indicators-reports,Get latest values,,TBA,,,,Values as of Q4 (December) of each year
India (Nationwide) Connect Indicator,Annual 2G Data Usage,2016-2021,million GB,,TRAI Performance Indicators,https://www.trai.gov.in/release-publication/reports/performance-indicators-reports,Get latest values,,TBA,,,,
India (Nationwide) Connect Indicator,Annual 3G Data Usage,2016-2021,million GB,,TRAI Performance Indicators,https://www.trai.gov.in/release-publication/reports/performance-indicators-reports,Get latest values,,TBA,,,,
India (Nationwide) Connect Indicator,Annual 4G Data Usage,2016-2021,million GB,,TRAI Performance Indicators,https://www.trai.gov.in/release-publication/reports/performance-indicators-reports,Get latest values,,TBA,,,,
India (Nationwide) Connect Indicator,CDMA Data Usage,2016-2021,million GB,,TRAI Performance Indicators,https://www.trai.gov.in/release-publication/reports/performance-indicators-reports,Get latest values,,TBA,,,,
India (Nationwide) Connect Indicator,Average Monthly Wireless Data Usage per data user,2014-2021,GB,,TRAI Performance Indicators,https://www.trai.gov.in/release-publication/reports/performance-indicators-reports,Get latest values,,TBA,,,,
India (Nationwide) Connect Indicator,Average Monthly 2G Data Usage per data user,2014-2021,GB,,TRAI Performance Indicators,https://www.trai.gov.in/release-publication/reports/performance-indicators-reports,Get latest values,,TBA,,,,
India (Nationwide) Connect Indicator,Average Monthly 3G Data Usage per data user,2014-2021,GB,,TRAI Performance Indicators,https://www.trai.gov.in/release-publication/reports/performance-indicators-reports,Get latest values,,TBA,,,,
India (Nationwide) Connect Indicator,Average Monthly 4G Data Usage per data user,2016-2021,GB,,TRAI Performance Indicators,https://www.trai.gov.in/release-publication/reports/performance-indicators-reports,Get latest values,,TBA,,,,
India (Nationwide) Connect Indicator,Average Monthly CDMA Data Usage per data user,2014-2021,GB,,TRAI Performance Indicators,https://www.trai.gov.in/release-publication/reports/performance-indicators-reports,Get latest values,,TBA,,,,
India (Nationwide) Connect Indicator,Average Monthly GSM Data Usage per data user,2014-2021,GB,,TRAI Performance Indicators,https://www.trai.gov.in/release-publication/reports/performance-indicators-reports,Get latest values,,TBA,,,,
India (Nationwide) Connect Indicator,Average Cost to Subscriber per GB Wireless Data Usage (Rs.) - GSM,2014-2018,Rs. per GB,,TRAI. Wireless Data Services in India. An Analytical Report,https://www.trai.gov.in/release-publication/reports/performance-indicators-reports,Check for latest values,,TBA,,,,
India (Nationwide) Connect Indicator,Average Cost to Subscriber per GB Wireless Data Usage (Rs.) - CDMA,2014-2019,Rs. per GB,,TRAI. Wireless Data Services in India. An Analytical Report,,Check for latest values,,TBA,,,,
India (Nationwide) Connect Indicator,Average Cost to Subscriber per GB Wireless Data Usage (Rs.),2014-2020,Rs. per GB,,TRAI. Wireless Data Services in India. An Analytical Report,,Check for latest values,,TBA,,,,
India (Nationwide) Connect Indicator,Average Revenue Realization per subscriber per GB wireless data (Rs.),2019-2022,Rs. per GB,,TRAI Performance Indicators,,,,TBA,,,,Quarterly data has been averaged to annual values.
India (Nationwide) Connect Indicator,Average Revenue for wireless data per data subscribers per month for wireless services (Rs.),2015-2023,Rs. per month,,TRAI Performance Indicators,,,,TBA,,,,Data is for the financial year starting the year on this axis
India (Nationwide) Connect Indicator,Average selling price of smartphones (USD),2010-2021,USD,,Statista,https://www.trai.gov.in/release-publication/reports/performance-indicators-reports,,,TBA,,,,Data for certain years is not available
India (Nationwide) Connect Indicator,Average selling price of smartphones (Rs.),2010-2021,rupees,,"Statista, RBI",https://www.rbi.org.in/Scripts/PublicationsView.aspx?id=19130,,,TBA,,,,Smartphone prices from Statista were converted to rupees using RBI exchange rates for the respective year.
India (Nationwide) Connect Indicator,Inflation adjusted average selling price of smartphones,2010-2021,rupees,,"Statista, RBI, World Bank",https://www.rbi.org.in/Scripts/PublicationsView.aspx?id=19130; https://data.worldbank.org/indicator/FP.CPI.TOTL?locations=IN,,,TBA,,,,Smartphone prices from Statista were converted to rupees and adjusted for inflation using exchange rates from RBI and CPI adjustment was done using data from World Bank.
India (Nationwide) Connect Indicator,Average selling price of smartphones as a percent of annual income per capita,,percent,,"Statista, RBI, World Bank",https://www.rbi.org.in/Scripts/PublicationsView.aspx?id=19130; https://data.worldbank.org/indicator/FP.CPI.TOTL?locations=IN,,,TBA,,,,"Inflation adjusted smartphone price, income at current prices. Smartphone prices from Statista were converted to rupees and adjusted for inflation using exchange rates from RBI and CPI adjustment was done using data from World Bank."
India (Nationwide) Connect Indicator,Gross Capital Formation in Communication & services related to broadcasting (Current Prices),2012-2020,Rs. crore (current prices),,RBI Handbook of Statistics on Indian Economy,https://rbi.org.in/Scripts/AnnualPublications.aspx?head=Handbook%20of%20Statistics%20on%20Indian%20Economy,,,TBA,,,,"This does not include valuables and adjustment factor from flow of funds and hence will not match with GCF, reported in Statement 1.1. The year ""2020"" refers to the financial year ending 2020 (i.e. 2019-2020)."
India (Nationwide) Connect Indicator,Gross Capital Formation in Communication & services related to broadcasting (Constant 2011-12 Prices),2012-2020,Rs. crore (2011-12 constant prices),Annual,RBI Handbook of Statistics on Indian Economy,https://rbi.org.in/Scripts/AnnualPublications.aspx?head=Handbook%20of%20Statistics%20on%20Indian%20Economy,,,TBA,,,,"This does not include valuables and adjustment factor from flow of funds and hence will not match with GCF, reported in Statement 1.1. The year ""2020"" refers to the financial year ending 2020 (i.e. 2019-2020)."
India (Nationwide) Connect Indicator,Percent of population actively using the internet,2017-2021,percent,,"IMRB, Kantar",-,,,TBA,,,,"Compiled from various public reports of IMRB including the Internet in India 2021, Kantar 2019 ICUBE Highlights, and clarificatory requests from IMRB staff"
India (Nationwide) Connect Indicator,Number of active internet users (urban) (millions),2014-2021,millions of users,,"IMRB, Kantar",-,,,TBA,,,,"Compiled from various public reports of IMRB including the Internet in India 2021, Kantar 2019 ICUBE Highlights, and clarificatory requests from IMRB staff"
India (Nationwide) Connect Indicator,Number of active internet users (rural) (millions),2014-2021,millions of users,,"IMRB, Kantar",-,,,TBA,,,,"Compiled from various public reports of IMRB including the Internet in India 2021, Kantar 2019 ICUBE Highlights, and clarificatory requests from IMRB staff"
India (Nationwide) Connect Indicator,Percent of population actively using the internet (urban),2017-2021,percent,,"IMRB, Kantar",-,,,TBA,,,,"Compiled from various public reports of IMRB including the Internet in India 2021, Kantar 2019 ICUBE Highlights, and clarificatory requests from IMRB staff"
India (Nationwide) Connect Indicator,Percent of population actively using the internet (rural),2017-2021,percent,,"IMRB, Kantar",-,,,TBA,,,,"Compiled from various public reports of IMRB including the Internet in India 2021, Kantar 2019 ICUBE Highlights, and clarificatory requests from IMRB staff"
India (Statewise) Connect Indicator,Total Functional Common Service Centers,2019-2021,common service centers,Annual,CSC E-governance Services India Limited. Annual report 2019-20 and 2020-21,,Get 2023 numbers,,TBA,,,,As of 31st March of each year.
India (Statewise) Connect Indicator,Functional Common Service Centers at Gram Panchayat level,2019-2021,common service centers,Annual,CSC E-governance Services India Limited. Annual report 2019-20 and 2020-22,https://csc.gov.in/assets/events-report/Annual-Report-2019-20.pdf; https://csc.gov.in/assets/events-report/Annual-Report-3-Mar-22.pdf,Get 2023 numbers,,TBA,,,,As of 31st March of the respective years
India (Statewise) Connect Indicator,Number of Gram Panchayats,2019-2021,gram panchayats,Annual,CSC E-governance Services India Limited. Annual report 2019-20 and 2020-23,https://csc.gov.in/assets/events-report/Annual-Report-2019-20.pdf; https://csc.gov.in/assets/events-report/Annual-Report-3-Mar-22.pdf,Get 2023 numbers,,TBA,,,,
India (Statewise) Connect Indicator,Number of Gram Panchayats Covered with Common Service Centers,2019-2021,gram panchayats,Annual,CSC E-governance Services India Limited. Annual report 2019-20 and 2020-24,https://csc.gov.in/assets/events-report/Annual-Report-2019-20.pdf; https://csc.gov.in/assets/events-report/Annual-Report-3-Mar-22.pdf,Get 2023 numbers,,TBA,,,,
India (Statewise) Connect Indicator,Percent of Gram Panchayats covered with Common Service Centers,2022,percent,,CSC E-governance Services India Limited. Annual report 2020-21.,https://csc.gov.in/assets/events-report/Annual-Report-3-Mar-22.pdf,Get 2023 numbers,,TBA,,,,
India (Statewise) Connect Indicator,Median Mobile Internet Download Speeds,2022,mbps,Annual,Speedtest.net,http://speedtest.net/,,,TBA,,,,
India (Circlewise) Connect Indicator,Internet Subscribers per 100,2014-2022,subscribers per 100 people,Annual,TRAI,https://csc.gov.in/assets/events-report/Annual-Report-2019-20.pdf; https://csc.gov.in/assets/events-report/Annual-Report-3-Mar-22.pdf,,,TBA,,,,"As of December of each year. Since there was a change in definition between 2013 and 2014, values before 2013 are not provided here."
India (Circlewise) Connect Indicator,Number of 2G Base Transceiver Stations,2020; 2022,base transceiver stations,Every two years,"Tarang Sanchar, DGT, DoT",,There is more historical data (starting 2003),,TBA,,,,As of 31st March 2020
India (Circlewise) Connect Indicator,Number of 3G Base Transceiver Stations,2020,base transceiver stations,,"Tarang Sanchar, DGT, DoT",,There is more historical data (starting 2003),,TBA,,,,As of 31st March 2020
India (Circlewise) Connect Indicator,Number of 4G-LTE Base Transceiver Stations,2020,base transceiver stations,,"Tarang Sanchar, DGT, DoT",,There is more historical data (starting 2003),,TBA,,,,As of 31st March 2020
India (Circlewise) Connect Indicator,Total Number of Base Transceiver Stations,2020,base transceiver stations,,"Tarang Sanchar, DGT, DoT",,There is more historical data (starting 2003),,TBA,,,,As of 31st March 2020
India (Statewise) Harness Indicator,e-transactions per 1000 population on State Government projects,2022,e-transactions per 1000 population,Annual,e-Taal,https://etaal.gov.in/etaal2/auth/Index.aspx,,,TBA,,,,e-transactions recorded on e-Taal between Jan'21- Nov'22
India (Statewise) Harness Indicator,Percent of population that are UMANG users,2022,percent,,MeitY,https://web.umang.gov.in/landing/dashboard,,,TBA,,,,
India (Statewise) Harness Indicator,Percent of population with Aadhaar,2022,percent,,UIDAI and population projections from MOSPI.,,,,TBA,,,,"Aadhaar numbers are from August 2022, but population projections are for 2021 based on the 2011 census. This, along with the fact that some projections underestimate actual population, results in penetration rates over 100%"
India (Statewise) Harness Indicator,No. of registered members in myGov,2022,thousands of registered members,,myGov.in,https://www.mygov.in/,,,TBA,,,,
India (Statewise) Harness Indicator,No. of comments in myGov discussion themes,2022,number of comments,,myGov.in,https://www.mygov.in/,,,TBA,,,,
India (Statewise) Harness Indicator,No. of comments per 1000 registered members on myGov,2022,number of comments per 1000 registered members,,myGov.in,https://www.mygov.in/,,,TBA,,,,
India (Statewise) Harness Indicator,Percent of population with health IDs,2022,percent,,National Health Authority and population projections from MOSPI,https://dashboard.abdm.gov.in/abdm/,,,TBA,,,,"Health ID numbers are from August 2022, but population projections are for 2021 based on the 2011 census. This, along with the fact that some projections underestimate actual population, results in penetration rates over 100%"
India (Statewise) Harness Indicator,No. of professionals registered on Healthcare Professionals Registry (HPR) under Ayushman Bharat Digital Mission,2022,number of professionals,,National Health Authority,https://dashboard.abdm.gov.in/abdm/,,,TBA,,,,As of August 2022
India (Statewise) Harness Indicator,No. of facilities registered on Health Facilities Registry (HFR) under Ayushman Bharat Digital Mission,2022,number of facilities,,National Health Authority,https://dashboard.abdm.gov.in/abdm/,,,TBA,,,,As of August 2022
India (Statewise) Harness Indicator,No. of PMJAY e-cards created,2021,number of e-cards,,National Health Authority,https://dashboard.abdm.gov.in/abdm/,,,TBA,,,,As of August 2022
India (Statewise) Harness Indicator,Percent of villages where computerization of land records is completed,2022,percent,,Digital India Land Records Modernization Programme (DILRMP) 2.0 Dashboard,https://dilrmp.gov.in/faces/percent/rptComputerizationOfLandRecord.xhtml,,,TBA,,,,As of November 2021
India (Statewise) Harness Indicator,Percent of villages with spatial data verified,2022,percent,,Digital India Land Records Modernization Programme (DILRMP) 2.0 Dashboard,https://dilrmp.gov.in/faces/percent/rptComputerizationOfLandRecord.xhtml,,,TBA,,,,
India (Statewise) Harness Indicator,Number of working broadband connections in public hospitals,2020,number of connections,,BSNL,,,,TBA,,,,"For number of hospitals, value of Dadar & Nagar Haveli and Daman & Diu are available separately in the source and are summed together here. Data for Jammu and Kashmir includes Ladakh."
India (Statewise) Harness Indicator,Percent of hospitals with working broadband connections,2020,percent,,BSNL and PIB,,,,TBA,,,,"For number of hospitals, value of Dadar & Nagar Haveli (DNH) and Daman & Diu (DD) are available separately in the source and are summed together here. Data for working connections is not available for DNH, DD and Lakshadweep. Data for Jammu and Kashmir includes Ladakh. Numerator is from May 2020, and denominator is from 2021."
India (Statewise) Harness Indicator,Number of e-panchayat services offerred on ServicePlus,2022,services,,http://serviceonline.gov.in,,,,TBA,,,,
India (Statewise) Harness Indicator,Percent of police Stations connected to the internet,2022,percent,,"CCTNS Pragati Dashboard, 2022",,Get 2023 numbers,,TBA,,,,
India (Statewise) Harness Indicator,Percent of Police Stations where CCTNS Software is deployed,2022,percent,,"CCTNS Pragati Dashboard, 2022",,Get 2023 numbers,,TBA,,,,
India (Statewise) Harness Indicator,Percent of reports generated through CCTNS in the Police Stations,2022,percent,,"CCTNS Pragati Dashboard, 2022",,Get 2023 numbers,,TBA,,,,
India (Statewise) Harness Indicator,Percent of Police Stations able to search on National Database,2022,percent,,"CCTNS Pragati Dashboard, 2022",,Get 2023 numbers,,TBA,,,,
India (Statewise) Harness Indicator,Percent of schools with functional computer facility - All management,2021,percent,,UDISE 2020-2021 report,,2020-2021. Get 2023 numbers,,TBA,,,,
India (Statewise) Harness Indicator,Percent of schools with functional computer facility - Government schools,2021,percent,,UDISE 2020-2021 report,,2020-2021. Get 2023 numbers,,TBA,,,,
India (Statewise) Harness Indicator,Percent of schools with functional computer facility - Government aided,2021,percent,,UDISE 2020-2021 report,,2020-2021. Get 2023 numbers,,TBA,,,,
India (Statewise) Harness Indicator,Percent of schools with functional computer facility - Private unaided,2021,percent,,UDISE 2020-2021 report,,2020-2021. Get 2023 numbers,,TBA,,,,
India (Statewise) Harness Indicator,Percent of schools with functional computer facility - Other schools,2021,percent,,UDISE 2020-2021 report,,2020-2021. Get 2023 numbers,,TBA,,,,
India (Statewise) Harness Indicator,Percent of schools with internet facility - All management,2021,percent,,UDISE 2020-2021 report,,2020-2021. Get 2023 numbers,,TBA,,,,
India (Statewise) Harness Indicator,Percent of schools with internet facility - Government,2021,percent,,UDISE 2020-2021 report,,2020-2021. Get 2023 numbers,,TBA,,,,
India (Statewise) Harness Indicator,Percent of schools with internet facility - Government aided,2021,percent,,UDISE 2020-2021 report,,2020-2021. Get 2023 numbers,,TBA,,,,
India (Statewise) Harness Indicator,Percent of schools with internet facility - Private unaided,2021,percent,,UDISE 2020-2021 report,,2020-2021. Get 2023 numbers,,TBA,,,,
India (Statewise) Harness Indicator,Percent of schools with internet facility - Other schools,2021,percent,,UDISE 2020-2021 report,,2020-2021. Get 2023 numbers,,TBA,,,,
India (Statewise) Harness Indicator,Percent of population with PMJDY accounts,2020,percent,,Lok Sabha Un-starred Question No. 86,,,,TBA,,,,"Data from the Annex in the reply to the Lok Sabha Un-starred Question No. 86 answered on 03.02.2020 regarding ''Charges on PMJDY Accounts"". Percent calculated using state population projections for March 2021 based on 2011 census."
India (Statewise) Harness Indicator,Percent of PMJDY accounts that are operative,2020,percent,,Lok Sabha Un-starred Question No. 86,,,,TBA,,,,"Data from the Annex in the reply to the Lok Sabha Un-starred Question No. 86 answered on 03.02.2020 regarding ''Charges on PMJDY Accounts"". Percent calculated using state population projections for March 2021 based on 2011 census."
India (Statewise) Harness Indicator,No. of beneficiaries of Computer Assisted Design (CAD) skills training under 'Digital Village' scheme,2023,number of beneficiaries,,Digital Village Dashboard,https://digital-village.in/home/states-covered?type=cad,,,TBA,,,,
India (Statewise) Harness Enabler Indicator,Number of certified participants under PMGDISHA,2022,participants,Annual,MeitY,http://164.100.24.220/loksabhaquestions/annex/178/AU4469.pdf,,"Includes training in digital financial tools, using digital locker & use of online citizen-centric services",TBA,"Includes training in digital financial tools, using digital locker & use of online citizen-centric services",,,
India (Statewise) Innovate ,No. of schools in which Atal Tinkering Labs have been established,2021,schools,,UDISE+ 2021-2022 report,,,,TBA,,,,"Atal Tinkering labs aim to create workspaces in schools to enable learning of skills and innovation through hands-on activities. It includes robotics, IoT, and 3D printing."
India (Statewise) Protect,Cybercrimes against children per lakh population,2021,cases per lakh population,,NCRB,https://ncrb.gov.in/sites/default/files/CII-2021/CII_2021Volume%201.pdf,,,TBA,,,,
India (Statewise) Protect,Cybercrimes against women per lakh population,2021,cases per lakh population,Annual,NCRB,https://ncrb.gov.in/sites/default/files/CII-2021/CII_2021Volume%201.pdf,,,TBA,,,,
Other socio-economic indicators,Percent of households living in a Pucca House,2019-2021,percent,,NFHS,"National Family Health Survey-5, MoHFW (https://dhsprogram.com/pubs/pdf/FR375/FR375.pdf)",Need to add 2015 numbers,,TBA,,,,Values for the year 2021 represents data from the NFHS survey over the period 2019-2021
Other socio-economic indicators,Per capita availability of Power (kWh),2020,kWh,,RBI,RBI (https://rbidocs.rbi.org.in/rdocs/Publications/PDFs/122T_241121A3B9148F92634ECBB28DCC8879FB37EA.PDF),,,TBA,,,,
Other socio-economic indicators,Gross Enrollment Ratio - Secondary ,2015;2021,ratio (number enrolled/eligible population),,Ministry of Education,Ministry of Education (https://udiseplus.gov.in/assets/img/dcf2021/UDISE+2020_21_Booklet_English.pdf),,,TBA,,,,
Other socio-economic indicators,Literacy rate - Men,2019-2021,percent,,NFHS,"National Family Health Survey-5, MoHFW (https://dhsprogram.com/pubs/pdf/FR375/FR375.pdf)",Need to add 2015 numbers,,TBA,,,,Values for the year 2021 represents data from the NFHS survey over the period 2019-2021
Other socio-economic indicators,Literacy rate - Women,2019-2021,percent,,NFHS,"National Family Health Survey-5, MoHFW (https://dhsprogram.com/pubs/pdf/FR375/FR375.pdf)",Need to add 2015 numbers,,TBA,,,,Values for the year 2021 represents data from the NFHS survey over the period 2019-2021
Other socio-economic indicators,Literacy rate,2017-2018,percent,,NSS Report No.585.‘ Household Social Consumption on Education in India,,,,TBA,,,,Values are from the survey over the period 2017-2018.
India (Nationwide) Connect Indicator,Number of active internet users (millions),2014-2021,millions of users,,"IMRB, Kantar",-,,,TBA,,,,"Compiled from various public reports of IMRB including the Internet in India 2021, Kantar 2019 ICUBE Highlights, and clarificatory requests from IMRB staff"
India (Statewise) Harness Enabler Indicator,"Percentage of graduates from STEM (Science, Technology, Engineering and Mathematics) programmes in tertiary education (2022/2021/2020)",2022,percent,,UNESCO,,,,TBA,,,,Latest value from 2022/2021/2020
India (Statewise) Harness Enabler Indicator,Number of graduates from STEM programs,2022,graduates,,UNESCO,,,,TBA,,,,Calculated as percent of graduates in STEM x graduation ratio x enrollment in STEM taken from UNESCO. Latest value from 2022/2021/2020.
India (Statewise) Harness Enabler Indicator,Number of researchers (Full Time Employees),2020,researchers,,OECD MSTI and WIPO,,,,TBA,,,,
Other socio-economic indicators,Per Capita NSDP (Rs.),2020,Rs.,,RBI,RBI (https://rbidocs.rbi.org.in/rdocs/Publications/PDFs/0HOS2022_F0D15432F09C8484FABECFC6577A541A9.PDF),,,TBA,,,,
India (Statewise) Connect Indicator,Percentage of urban population that are internet users,2019-2022,,,Kantar ICUBE,https://www.kantar.com/,,,TBA,,,,"Data for Sikkim and West Bengal are combined under West Bengal, for 2020 and earlier"
India (Statewise) Connect Indicator,Percentage of rural population that are internet users,2019-2022,,,Kantar ICUBE,https://www.kantar.com/,,,TBA,,,,"Data for Sikkim and West Bengal are combined under West Bengal, for 2020 and earlier"
India (Statewise) Connect Indicator,Percentage of male population that are internet users,2019-2022,,,Kantar ICUBE,https://www.kantar.com/,,,TBA,,,,"Data for Sikkim and West Bengal are combined under West Bengal, for 2020 and earlier"
India (Statewise) Connect Indicator,Percentage of female population that are internet users,2019-2022,,,Kantar ICUBE,https://www.kantar.com/,,,TBA,,,,"Data for Sikkim and West Bengal are combined under West Bengal, for 2020 and earlier"
India (Statewise) Connect Indicator,Percentage of households with atleast one fixedline internet connection,2019-2020,,,Kantar ICUBE,https://www.kantar.com/,,,TBA,,,,Data for Sikkim and West Bengal are combined under West Bengal
India (Statewise) Connect Indicator,Percentage of urban households with atleast one fixedline internet connection,2019-2020,,,Kantar ICUBE,https://www.kantar.com/,,,TBA,,,,Data for Sikkim and West Bengal are combined under West Bengal
India (Statewise) Connect Indicator,Percentage of rural households with atleast one fixedline internet connection,2019-2020,,,Kantar ICUBE,https://www.kantar.com/,,,TBA,,,,Data for Sikkim and West Bengal are combined under West Bengal
India (Statewise) Connect Indicator,Percentage of households with atleast one wireless internet connection,2019-2020,,,Kantar ICUBE,https://www.kantar.com/,,,TBA,,,,Data for Sikkim and West Bengal are combined under West Bengal
India (Statewise) Connect Indicator,Percentage of urban households with atleast one wireless internet connection,2019-2020,,,Kantar ICUBE,https://www.kantar.com/,,,TBA,,,,Data for Sikkim and West Bengal are combined under West Bengal
India (Statewise) Connect Indicator,Percentage of rural households with atleast one wireless internet connection,2019-2020,,,Kantar ICUBE,https://www.kantar.com/,,,TBA,,,,Data for Sikkim and West Bengal are combined under West Bengal
India (Statewise) Connect Indicator,Percentage of urban population that are smartphone users,2019-2022,,,Kantar ICUBE,https://www.kantar.com/,,,TBA,,,,"Data for Sikkim and West Bengal are combined under West Bengal, for 2020 and earlier"
India (Statewise) Connect Indicator,Percentage of rural population that are smartphone users,2019-2022,,,Kantar ICUBE,https://www.kantar.com/,,,TBA,,,,"Data for Sikkim and West Bengal are combined under West Bengal, for 2020 and earlier"
India (Statewise) Connect Indicator,Percentage of male population that are smartphone users,2019-2022,,,Kantar ICUBE,https://www.kantar.com/,,,TBA,,,,"Data for Sikkim and West Bengal are combined under West Bengal, for 2020 and earlier"
India (Statewise) Connect Indicator,Percentage of female population that are smartphone users,2019-2022,,,Kantar ICUBE,https://www.kantar.com/,,,TBA,,,,"Data for Sikkim and West Bengal are combined under West Bengal, for 2020 and earlier"
India (Statewise) Connect Indicator,Percentage of urban population that are feature phone users,2019-2020,,,Kantar ICUBE,https://www.kantar.com/,,,TBA,,,,Data for Sikkim and West Bengal are combined under West Bengal
India (Statewise) Connect Indicator,Percentage of rural population that are feature phone users,2019-2020,,,Kantar ICUBE,https://www.kantar.com/,,,TBA,,,,Data for Sikkim and West Bengal are combined under West Bengal
India (Statewise) Connect Indicator,Percentage of male population that are feature phone users,2019-2020,,,Kantar ICUBE,https://www.kantar.com/,,,TBA,,,,Data for Sikkim and West Bengal are combined under West Bengal
India (Statewise) Connect Indicator,Percentage of female population that are feature phone users,2019-2020,,,Kantar ICUBE,https://www.kantar.com/,,,TBA,,,,Data for Sikkim and West Bengal are combined under West Bengal
India (Statewise) Harness Indicator,Percentage of population doing e-learning,2019-2020,,,Kantar ICUBE,https://www.kantar.com/,,,TBA,,,,Data for Sikkim and West Bengal are combined under West Bengal
India (Statewise) Harness Indicator,Percentage of population doing social networking,2019-2020,,,Kantar ICUBE,https://www.kantar.com/,,,TBA,,,,Data for Sikkim and West Bengal are combined under West Bengal
India (Statewise) Harness Indicator,Percentage of population doing e-commerce,2019-2020,,,Kantar ICUBE,https://www.kantar.com/,,,TBA,,,,Data for Sikkim and West Bengal are combined under West Bengal
India (Statewise) Harness Indicator,Percentage of population doing online work-related activities,2019-2020,,,Kantar ICUBE,https://www.kantar.com/,,,TBA,,,,Data for Sikkim and West Bengal are combined under West Bengal
India (Statewise) Harness Indicator,Percentage of population doing e-banking,2019-2020,,,Kantar ICUBE,https://www.kantar.com/,,,TBA,,,,Data for Sikkim and West Bengal are combined under West Bengal
India (Statewise) Harness Indicator,Percentage of population engaged in e-healthcare,2019-2020,,,Kantar ICUBE,https://www.kantar.com/,,,TBA,,,,Data for Sikkim and West Bengal are combined under West Bengal
India (Statewise) Harness Indicator,Percentage of population engaged in e-governance,2019-2020,,,Kantar ICUBE,https://www.kantar.com/,,,TBA,,,,Data for Sikkim and West Bengal are combined under West Bengal
India (Statewise) Harness Enabler Indicator,Percentage of households where atleast one member knows how to operate a computer,2019-2020,,,Kantar ICUBE,https://www.kantar.com/,,,TBA,,,,Data for Sikkim and West Bengal are combined under West Bengal
India (Statewise) Harness Enabler Indicator,Percentage of urban households where atleast one member knows how to operate a computer,2019-2020,,,Kantar ICUBE,https://www.kantar.com/,,,TBA,,,,Data for Sikkim and West Bengal are combined under West Bengal
India (Statewise) Harness Enabler Indicator,Percentage of rural households where atleast one member knows how to operate a computer,2019-2020,,,Kantar ICUBE,https://www.kantar.com/,,,TBA,,,,Data for Sikkim and West Bengal are combined under West Bengal
India (Statewise) Harness Enabler Indicator,Percentage of households where atleast one member knows how to use the internet,2019-2020,,,Kantar ICUBE,https://www.kantar.com/,,,TBA,,,,Data for Sikkim and West Bengal are combined under West Bengal
India (Statewise) Harness Enabler Indicator,Percentage of urban households where atleast one member knows how to use the internet,2019-2020,,,Kantar ICUBE,https://www.kantar.com/,,,TBA,,,,Data for Sikkim and West Bengal are combined under West Bengal
India (Statewise) Harness Enabler Indicator,Percentage of rural households where atleast one member knows how to use the internet,2019-2020,,,Kantar ICUBE,https://www.kantar.com/,,,TBA,,,,Data for Sikkim and West Bengal are combined under West Bengal
India (Statewise) Harness Enabler Indicator,Percentage of urban individuals that that can connect & install new devices,2019-2020,,,Kantar ICUBE,https://www.kantar.com/,,,TBA,,,,Data for Sikkim and West Bengal are combined under West Bengal
India (Statewise) Harness Enabler Indicator,Percentage of rural individuals that that can connect & install new devices,2019-2020,,,Kantar ICUBE,https://www.kantar.com/,,,TBA,,,,Data for Sikkim and West Bengal are combined under West Bengal
India (Statewise) Harness Enabler Indicator,Percentage of male individuals that that can connect & install new devices,2019-2020,,,Kantar ICUBE,https://www.kantar.com/,,,TBA,,,,Data for Sikkim and West Bengal are combined under West Bengal
India (Statewise) Harness Enabler Indicator,Percentage of female individuals that that can connect & install new devices,2019-2020,,,Kantar ICUBE,https://www.kantar.com/,,,TBA,,,,Data for Sikkim and West Bengal are combined under West Bengal
India (Statewise) Harness Enabler Indicator,Percentage of urban individuals that that can send e-mails with attached files,2019-2020,,,Kantar ICUBE,https://www.kantar.com/,,,TBA,,,,Data for Sikkim and West Bengal are combined under West Bengal
India (Statewise) Harness Enabler Indicator,Percentage of rural individuals that that can send e-mails with attached files,2019-2020,,,Kantar ICUBE,https://www.kantar.com/,,,TBA,,,,Data for Sikkim and West Bengal are combined under West Bengal
India (Statewise) Harness Enabler Indicator,Percentage of male individuals that that can send e-mails with attached files,2019-2020,,,Kantar ICUBE,https://www.kantar.com/,,,TBA,,,,Data for Sikkim and West Bengal are combined under West Bengal
India (Statewise) Harness Enabler Indicator,Percentage of female individuals that that can send e-mails with attached files,2019-2020,,,Kantar ICUBE,https://www.kantar.com/,,,TBA,,,,Data for Sikkim and West Bengal are combined under West Bengal
India (Nationwide) Connect Indicator,Percent of businesses with internet connection (small business: 1-10 employees),2016-2021,,,Kantar ITOPS,https://www.kantar.com/,,Sample consists only of firms outside the household with a fixed structure (electric meter connection and separate brick and mortar structure for the business).,TBA,,,,Sample consists of firms that are outside household and have a fixed structure (have an electric meter connection and a separate brick and mortar structure).
India (Nationwide) Connect Indicator,Percent of businesses with internet connection (medium business: 11-100 employees),2016-2021,,,Kantar ITOPS,https://www.kantar.com/,,Sample consists only of firms outside the household with a fixed structure (electric meter connection and separate brick and mortar structure for the business).,TBA,,,,Sample consists of firms that are outside household and have a fixed structure (have an electric meter connection and a separate brick and mortar structure).
India (Nationwide) Connect Indicator,Percent of businesses with internet connection (large business: 101+ employees),2016-2021,,,Kantar ITOPS,https://www.kantar.com/,,Sample consists only of firms outside the household with a fixed structure (electric meter connection and separate brick and mortar structure for the business).,TBA,,,,Sample consists of firms that are outside household and have a fixed structure (have an electric meter connection and a separate brick and mortar structure).
India (Nationwide) Connect Indicator,Percent of businesses with internet connection,2016-2021,,,Kantar ITOPS,https://www.kantar.com/,,Sample consists only of firms outside the household with a fixed structure (electric meter connection and separate brick and mortar structure for the business).,TBA,,,,Sample consists of firms that are outside household and have a fixed structure (have an electric meter connection and a separate brick and mortar structure).
India (Nationwide) Connect Indicator,Percent of businesses with internet connection (Tier 1 towns),2016-2021,,,Kantar ITOPS,https://www.kantar.com/,,"Tier 1 cities: Delhi, Mumbai. Sample consists only of firms outside the household with a fixed structure (electric meter connection and separate brick and mortar structure for the business).",TBA,,,,"Tier 1 cities: Delhi, Mumbai; Tier 2: Next 6: Kolkata, Chennai, Bangalore, Pune, Hyderabad, Ahmedabad; Tier 3: Other cities with more than 10 Lakh Population; Tier 4: 2-10 Lakh population; Tier 5: Less than 2 lakh population. Sample consists of firms that are outside household and have a fixed structure (have an electric meter connection and a separate brick and mortar structure)."
India (Nationwide) Connect Indicator,Percent of businesses with internet connection (Tier 2 towns),2016-2021,,,Kantar ITOPS,https://www.kantar.com/,,"Tier 2: Next 6: Kolkata, Chennai, Bangalore, Pune, Hyderabad, Ahmedabad. Sample consists only of firms outside the household with a fixed structure (electric meter connection and separate brick and mortar structure for the business).",TBA,,,,"Tier 1 cities: Delhi, Mumbai; Tier 2: Next 6: Kolkata, Chennai, Bangalore, Pune, Hyderabad, Ahmedabad; Tier 3: Other cities with more than 10 Lakh Population; Tier 4: 2-10 Lakh population; Tier 5: Less than 2 lakh population. Sample consists of firms that are outside household and have a fixed structure (have an electric meter connection and a separate brick and mortar structure)."
India (Nationwide) Connect Indicator,Percent of businesses with internet connection (Tier 3 towns),2016-2021,,,Kantar ITOPS,https://www.kantar.com/,,Tier 3: Other cities with more than 10 Lakh Population. Sample consists only of firms outside the household with a fixed structure (electric meter connection and separate brick and mortar structure for the business).,TBA,,,,"Tier 1 cities: Delhi, Mumbai; Tier 2: Next 6: Kolkata, Chennai, Bangalore, Pune, Hyderabad, Ahmedabad; Tier 3: Other cities with more than 10 Lakh Population; Tier 4: 2-10 Lakh population; Tier 5: Less than 2 lakh population. Sample consists of firms that are outside household and have a fixed structure (have an electric meter connection and a separate brick and mortar structure)."
India (Nationwide) Connect Indicator,Percent of businesses with internet connection (Tier 4 towns),2016-2021,,,Kantar ITOPS,https://www.kantar.com/,,Tier 4: 2-10 Lakh population. Sample consists only of firms outside the household with a fixed structure (electric meter connection and separate brick and mortar structure for the business).,TBA,,,,"Tier 1 cities: Delhi, Mumbai; Tier 2: Next 6: Kolkata, Chennai, Bangalore, Pune, Hyderabad, Ahmedabad; Tier 3: Other cities with more than 10 Lakh Population; Tier 4: 2-10 Lakh population; Tier 5: Less than 2 lakh population. Sample consists of firms that are outside household and have a fixed structure (have an electric meter connection and a separate brick and mortar structure)."
India (Nationwide) Connect Indicator,Percent of businesses with internet connection (Tier 5 towns),2016-2021,,,Kantar ITOPS,https://www.kantar.com/,,Tier 5: Less than 2 lakh population. Sample consists only of firms outside the household with a fixed structure (electric meter connection and separate brick and mortar structure for the business).,TBA,,,,"Tier 1 cities: Delhi, Mumbai; Tier 2: Next 6: Kolkata, Chennai, Bangalore, Pune, Hyderabad, Ahmedabad; Tier 3: Other cities with more than 10 Lakh Population; Tier 4: 2-10 Lakh population; Tier 5: Less than 2 lakh population. Sample consists of firms that are outside household and have a fixed structure (have an electric meter connection and a separate brick and mortar structure)."
India (Nationwide) Connect Indicator,Percent of businesses with internet connection (Manufacturing),2016-2021,,,Kantar ITOPS,https://www.kantar.com/,,,TBA,,,,Sample consists of firms that are outside household and have a fixed structure (have an electric meter connection and a separate brick and mortar structure).
India (Nationwide) Connect Indicator,Percent of businesses with internet connection (Services),2016-2021,,,Kantar ITOPS,https://www.kantar.com/,,"Services include IT/ITES, Travel, Transport, Logistics, Education, BFSI, Media & Entertainment, Healthcare and Professional services.",TBA,,,,"Services include IT/ITES, Travel, Transport, Logistics, Education, BFSI, Media & Entertainment, Healthcare and Professional services. Sample consists of firms that are outside household and have a fixed structure (have an electric meter connection and a separate brick and mortar structure)."
India (Nationwide) Connect Indicator,"Percent of businesses with internet connection (Retail, Food & Dining)",2016-2021,,,Kantar ITOPS,https://www.kantar.com/,,,TBA,,,,Sample consists of firms that are outside household and have a fixed structure (have an electric meter connection and a separate brick and mortar structure).
India (Nationwide) Harness Indicator,Percent of businesses with business website (small business: 1-10 employees),2016-2021,,,Kantar ITOPS,https://www.kantar.com/,,Sample consists only of firms outside the household with a fixed structure (electric meter connection and separate brick and mortar structure for the business).,TBA,,,,Sample consists of firms that are outside household and have a fixed structure (have an electric meter connection and a separate brick and mortar structure).
India (Nationwide) Harness Indicator,Percent of businesses with business website (medium business: 11-100 employees),2016-2021,,,Kantar ITOPS,https://www.kantar.com/,,Sample consists only of firms outside the household with a fixed structure (electric meter connection and separate brick and mortar structure for the business).,TBA,,,,Sample consists of firms that are outside household and have a fixed structure (have an electric meter connection and a separate brick and mortar structure).
India (Nationwide) Harness Indicator,Percent of businesses with business website (large business: 101+ employees),2016-2021,,,Kantar ITOPS,https://www.kantar.com/,,Sample consists only of firms outside the household with a fixed structure (electric meter connection and separate brick and mortar structure for the business).,TBA,,,,Sample consists of firms that are outside household and have a fixed structure (have an electric meter connection and a separate brick and mortar structure).
India (Nationwide) Harness Indicator,Percent of businesses with business website,2016-2021,,,Kantar ITOPS,https://www.kantar.com/,,Sample consists only of firms outside the household with a fixed structure (electric meter connection and separate brick and mortar structure for the business).,TBA,,,,Sample consists of firms that are outside household and have a fixed structure (have an electric meter connection and a separate brick and mortar structure).
India (Nationwide) Harness Indicator,Percent of businesses with business website (Tier 1 towns),2016-2021,,,Kantar ITOPS,https://www.kantar.com/,,"Tier 1 cities: Delhi, Mumbai. Sample consists only of firms outside the household with a fixed structure (electric meter connection and separate brick and mortar structure for the business).",TBA,,,,"Tier 1 cities: Delhi, Mumbai; Tier 2: Next 6: Kolkata, Chennai, Bangalore, Pune, Hyderabad, Ahmedabad; Tier 3: Other cities with more than 10 Lakh Population; Tier 4: 2-10 Lakh population; Tier 5: Less than 2 lakh population. Sample consists of firms that are outside household and have a fixed structure (have an electric meter connection and a separate brick and mortar structure)."
India (Nationwide) Harness Indicator,Percent of businesses with business website (Tier 2 towns),2016-2021,,,Kantar ITOPS,https://www.kantar.com/,,"Tier 2: Next 6: Kolkata, Chennai, Bangalore, Pune, Hyderabad, Ahmedabad. Sample consists only of firms outside the household with a fixed structure (electric meter connection and separate brick and mortar structure for the business).",TBA,,,,"Tier 1 cities: Delhi, Mumbai; Tier 2: Next 6: Kolkata, Chennai, Bangalore, Pune, Hyderabad, Ahmedabad; Tier 3: Other cities with more than 10 Lakh Population; Tier 4: 2-10 Lakh population; Tier 5: Less than 2 lakh population. Sample consists of firms that are outside household and have a fixed structure (have an electric meter connection and a separate brick and mortar structure)."
India (Nationwide) Harness Indicator,Percent of businesses with business website (Tier 3 towns),2016-2021,,,Kantar ITOPS,https://www.kantar.com/,,Tier 3: Other cities with more than 10 Lakh Population. Sample consists only of firms outside the household with a fixed structure (electric meter connection and separate brick and mortar structure for the business).,TBA,,,,"Tier 1 cities: Delhi, Mumbai; Tier 2: Next 6: Kolkata, Chennai, Bangalore, Pune, Hyderabad, Ahmedabad; Tier 3: Other cities with more than 10 Lakh Population; Tier 4: 2-10 Lakh population; Tier 5: Less than 2 lakh population. Sample consists of firms that are outside household and have a fixed structure (have an electric meter connection and a separate brick and mortar structure)."
India (Nationwide) Harness Indicator,Percent of businesses with business website (Tier 4 towns),2016-2021,,,Kantar ITOPS,https://www.kantar.com/,,Tier 4: 2-10 Lakh population. Sample consists only of firms outside the household with a fixed structure (electric meter connection and separate brick and mortar structure for the business).,TBA,,,,"Tier 1 cities: Delhi, Mumbai; Tier 2: Next 6: Kolkata, Chennai, Bangalore, Pune, Hyderabad, Ahmedabad; Tier 3: Other cities with more than 10 Lakh Population; Tier 4: 2-10 Lakh population; Tier 5: Less than 2 lakh population. Sample consists of firms that are outside household and have a fixed structure (have an electric meter connection and a separate brick and mortar structure)."
India (Nationwide) Harness Indicator,Percent of businesses with business website (Tier 5 towns),2016-2021,,,Kantar ITOPS,https://www.kantar.com/,,Tier 5: Less than 2 lakh population. Sample consists only of firms outside the household with a fixed structure (electric meter connection and separate brick and mortar structure for the business).,TBA,,,,"Tier 1 cities: Delhi, Mumbai; Tier 2: Next 6: Kolkata, Chennai, Bangalore, Pune, Hyderabad, Ahmedabad; Tier 3: Other cities with more than 10 Lakh Population; Tier 4: 2-10 Lakh population; Tier 5: Less than 2 lakh population. Sample consists of firms that are outside household and have a fixed structure (have an electric meter connection and a separate brick and mortar structure)."
India (Nationwide) Harness Indicator,Percent of businesses with business website (Manufacturing),2016-2021,,,Kantar ITOPS,https://www.kantar.com/,,,TBA,,,,Sample consists of firms that are outside household and have a fixed structure (have an electric meter connection and a separate brick and mortar structure).
India (Nationwide) Harness Indicator,Percent of businesses with business website (Services),2016-2021,,,Kantar ITOPS,https://www.kantar.com/,,"Services include IT/ITES, Travel, Transport, Logistics, Education, BFSI, Media & Entertainment, Healthcare and Professional services.",TBA,,,,"Services include IT/ITES, Travel, Transport, Logistics, Education, BFSI, Media & Entertainment, Healthcare and Professional services. Sample consists of firms that are outside household and have a fixed structure (have an electric meter connection and a separate brick and mortar structure)."
India (Nationwide) Harness Indicator,"Percent of businesses with business website (Retail, Food & Dining)",2016-2021,,,Kantar ITOPS,https://www.kantar.com/,,,TBA,,,,Sample consists of firms that are outside household and have a fixed structure (have an electric meter connection and a separate brick and mortar structure).
India (Nationwide) Harness Indicator,Percent of businesses with corporate email ID (small business: 1-10 employees),2016-2021,,,Kantar ITOPS,https://www.kantar.com/,,Sample consists only of firms outside the household with a fixed structure (electric meter connection and separate brick and mortar structure for the business).,TBA,,,,Sample consists of firms that are outside household and have a fixed structure (have an electric meter connection and a separate brick and mortar structure).
India (Nationwide) Harness Indicator,Percent of businesses with corporate email ID (medium business: 11-100 employees),2016-2021,,,Kantar ITOPS,https://www.kantar.com/,,Sample consists only of firms outside the household with a fixed structure (electric meter connection and separate brick and mortar structure for the business).,TBA,,,,Sample consists of firms that are outside household and have a fixed structure (have an electric meter connection and a separate brick and mortar structure).
India (Nationwide) Harness Indicator,Percent of businesses with corporate email ID (large business: 101+ employees),2016-2021,,,Kantar ITOPS,https://www.kantar.com/,,Sample consists only of firms outside the household with a fixed structure (electric meter connection and separate brick and mortar structure for the business).,TBA,,,,Sample consists of firms that are outside household and have a fixed structure (have an electric meter connection and a separate brick and mortar structure).
India (Nationwide) Harness Indicator,Percent of businesses with corporate email ID,2016-2021,,,Kantar ITOPS,https://www.kantar.com/,,Sample consists only of firms outside the household with a fixed structure (electric meter connection and separate brick and mortar structure for the business).,TBA,,,,Sample consists of firms that are outside household and have a fixed structure (have an electric meter connection and a separate brick and mortar structure).
India (Nationwide) Harness Indicator,Percent of businesses with corporate email ID (Tier 1 towns),2016-2021,,,Kantar ITOPS,https://www.kantar.com/,,"Tier 1 cities: Delhi, Mumbai. Sample consists only of firms outside the household with a fixed structure (electric meter connection and separate brick and mortar structure for the business).",TBA,,,,"Tier 1 cities: Delhi, Mumbai; Tier 2: Next 6: Kolkata, Chennai, Bangalore, Pune, Hyderabad, Ahmedabad; Tier 3: Other cities with more than 10 Lakh Population; Tier 4: 2-10 Lakh population; Tier 5: Less than 2 lakh population. Sample consists of firms that are outside household and have a fixed structure (have an electric meter connection and a separate brick and mortar structure)."
India (Nationwide) Harness Indicator,Percent of businesses with corporate email ID (Tier 2 towns),2016-2021,,,Kantar ITOPS,https://www.kantar.com/,,"Tier 2: Next 6: Kolkata, Chennai, Bangalore, Pune, Hyderabad, Ahmedabad. Sample consists only of firms outside the household with a fixed structure (electric meter connection and separate brick and mortar structure for the business).",TBA,,,,"Tier 1 cities: Delhi, Mumbai; Tier 2: Next 6: Kolkata, Chennai, Bangalore, Pune, Hyderabad, Ahmedabad; Tier 3: Other cities with more than 10 Lakh Population; Tier 4: 2-10 Lakh population; Tier 5: Less than 2 lakh population. Sample consists of firms that are outside household and have a fixed structure (have an electric meter connection and a separate brick and mortar structure)."
India (Nationwide) Harness Indicator,Percent of businesses with corporate email ID (Tier 3 towns),2016-2021,,,Kantar ITOPS,https://www.kantar.com/,,Tier 3: Other cities with more than 10 Lakh Population. Sample consists only of firms outside the household with a fixed structure (electric meter connection and separate brick and mortar structure for the business).,TBA,,,,"Tier 1 cities: Delhi, Mumbai; Tier 2: Next 6: Kolkata, Chennai, Bangalore, Pune, Hyderabad, Ahmedabad; Tier 3: Other cities with more than 10 Lakh Population; Tier 4: 2-10 Lakh population; Tier 5: Less than 2 lakh population. Sample consists of firms that are outside household and have a fixed structure (have an electric meter connection and a separate brick and mortar structure)."
India (Nationwide) Harness Indicator,Percent of businesses with corporate email ID (Tier 4 towns),2016-2021,,,Kantar ITOPS,https://www.kantar.com/,,Tier 4: 2-10 Lakh population. Sample consists only of firms outside the household with a fixed structure (electric meter connection and separate brick and mortar structure for the business).,TBA,,,,"Tier 1 cities: Delhi, Mumbai; Tier 2: Next 6: Kolkata, Chennai, Bangalore, Pune, Hyderabad, Ahmedabad; Tier 3: Other cities with more than 10 Lakh Population; Tier 4: 2-10 Lakh population; Tier 5: Less than 2 lakh population. Sample consists of firms that are outside household and have a fixed structure (have an electric meter connection and a separate brick and mortar structure)."
India (Nationwide) Harness Indicator,Percent of businesses with corporate email ID (Tier 5 towns),2016-2021,,,Kantar ITOPS,https://www.kantar.com/,,Tier 5: Less than 2 lakh population. Sample consists only of firms outside the household with a fixed structure (electric meter connection and separate brick and mortar structure for the business).,TBA,,,,"Tier 1 cities: Delhi, Mumbai; Tier 2: Next 6: Kolkata, Chennai, Bangalore, Pune, Hyderabad, Ahmedabad; Tier 3: Other cities with more than 10 Lakh Population; Tier 4: 2-10 Lakh population; Tier 5: Less than 2 lakh population. Sample consists of firms that are outside household and have a fixed structure (have an electric meter connection and a separate brick and mortar structure)."
India (Nationwide) Harness Indicator,Percent of businesses with corporate email ID (Manufacturing),2016-2021,,,Kantar ITOPS,https://www.kantar.com/,,,TBA,,,,Sample consists of firms that are outside household and have a fixed structure (have an electric meter connection and a separate brick and mortar structure).
India (Nationwide) Harness Indicator,Percent of businesses with corporate email ID (Services),2016-2021,,,Kantar ITOPS,https://www.kantar.com/,,"Services include IT/ITES, Travel, Transport, Logistics, Education, BFSI, Media & Entertainment, Healthcare and Professional services.",TBA,,,,"Services include IT/ITES, Travel, Transport, Logistics, Education, BFSI, Media & Entertainment, Healthcare and Professional services. Sample consists of firms that are outside household and have a fixed structure (have an electric meter connection and a separate brick and mortar structure)."
India (Nationwide) Harness Indicator,"Percent of businesses with corporate email ID (Retail, Food & Dining)",2016-2021,,,Kantar ITOPS,https://www.kantar.com/,,,TBA,,,,Sample consists of firms that are outside household and have a fixed structure (have an electric meter connection and a separate brick and mortar structure).
India (Nationwide) Harness Indicator,Percent of businesses with Social Media Presence (small business: 1-10 employees),2016-2022,,,Kantar ITOPS,https://www.kantar.com/,,,TBA,,,,Social media presence defined as the company having its business page on social media sites. Sample consists of firms that are outside household and have a fixed structure (have an electric meter connection and a separate brick and mortar structure).
India (Nationwide) Harness Indicator,Percent of businesses with Social Media Presence (medium business: 11-100 employees),2016-2021,,,Kantar ITOPS,https://www.kantar.com/,,,TBA,,,,Social media presence defined as the company having its business page on social media sites. Sample consists of firms that are outside household and have a fixed structure (have an electric meter connection and a separate brick and mortar structure).
India (Nationwide) Harness Indicator,Percent of businesses with Social Media Presence (large business: 101+ employees),2016-2021,,,Kantar ITOPS,https://www.kantar.com/,,,TBA,,,,Social media presence defined as the company having its business page on social media sites. Sample consists of firms that are outside household and have a fixed structure (have an electric meter connection and a separate brick and mortar structure).
India (Nationwide) Harness Indicator,Percent of businesses with Social Media Presence,2016-2021,,,Kantar ITOPS,https://www.kantar.com/,,,TBA,,,,Social media presence defined as the company having its business page on social media sites. Sample consists of firms that are outside household and have a fixed structure (have an electric meter connection and a separate brick and mortar structure).
India (Nationwide) Harness Indicator,Percent of businesses with Social Media Presence (Tier 1 towns),2016-2021,,,Kantar ITOPS,https://www.kantar.com/,,,TBA,,,,"Social media presence defined as the company having its business page on social media sites. Tier 1 cities: Delhi, Mumbai; Tier 2: Next 6: Kolkata, Chennai, Bangalore, Pune, Hyderabad, Ahmedabad; Tier 3: Other cities with more than 10 Lakh Population; Tier 4: 2-10 Lakh population; Tier 5: Less than 2 lakh population. Sample consists of firms that are outside household and have a fixed structure (have an electric meter connection and a separate brick and mortar structure)."
India (Nationwide) Harness Indicator,Percent of businesses with Social Media Presence (Tier 2 towns),2016-2021,,,Kantar ITOPS,https://www.kantar.com/,,,TBA,,,,"Social media presence defined as the company having its business page on social media sites. Tier 1 cities: Delhi, Mumbai; Tier 2: Next 6: Kolkata, Chennai, Bangalore, Pune, Hyderabad, Ahmedabad; Tier 3: Other cities with more than 10 Lakh Population; Tier 4: 2-10 Lakh population; Tier 5: Less than 2 lakh population. Sample consists of firms that are outside household and have a fixed structure (have an electric meter connection and a separate brick and mortar structure)."
India (Nationwide) Harness Indicator,Percent of businesses with Social Media Presence (Tier 3 towns),2016-2021,,,Kantar ITOPS,https://www.kantar.com/,,,TBA,,,,"Social media presence defined as the company having its business page on social media sites. Tier 1 cities: Delhi, Mumbai; Tier 2: Next 6: Kolkata, Chennai, Bangalore, Pune, Hyderabad, Ahmedabad; Tier 3: Other cities with more than 10 Lakh Population; Tier 4: 2-10 Lakh population; Tier 5: Less than 2 lakh population. Sample consists of firms that are outside household and have a fixed structure (have an electric meter connection and a separate brick and mortar structure)."
India (Nationwide) Harness Indicator,Percent of businesses with Social Media Presence (Tier 4 towns),2016-2021,,,Kantar ITOPS,https://www.kantar.com/,,,TBA,,,,"Social media presence defined as the company having its business page on social media sites. Tier 1 cities: Delhi, Mumbai; Tier 2: Next 6: Kolkata, Chennai, Bangalore, Pune, Hyderabad, Ahmedabad; Tier 3: Other cities with more than 10 Lakh Population; Tier 4: 2-10 Lakh population; Tier 5: Less than 2 lakh population. Sample consists of firms that are outside household and have a fixed structure (have an electric meter connection and a separate brick and mortar structure)."
India (Nationwide) Harness Indicator,Percent of businesses with Social Media Presence (Tier 5 towns),2016-2021,,,Kantar ITOPS,https://www.kantar.com/,,,TBA,,,,"Social media presence defined as the company having its business page on social media sites. Tier 1 cities: Delhi, Mumbai; Tier 2: Next 6: Kolkata, Chennai, Bangalore, Pune, Hyderabad, Ahmedabad; Tier 3: Other cities with more than 10 Lakh Population; Tier 4: 2-10 Lakh population; Tier 5: Less than 2 lakh population. Sample consists of firms that are outside household and have a fixed structure (have an electric meter connection and a separate brick and mortar structure)."
India (Nationwide) Harness Indicator,Percent of businesses with Social Media Presence (Manufacturing),2016-2021,,,Kantar ITOPS,https://www.kantar.com/,,,TBA,,,,Social media presence defined as the company having its business page on social media sites. Sample consists of firms that are outside household and have a fixed structure (have an electric meter connection and a separate brick and mortar structure).
India (Nationwide) Harness Indicator,Percent of businesses with Social Media Presence (Services),2016-2021,,,Kantar ITOPS,https://www.kantar.com/,,,TBA,,,,"Services include IT/ITES, Travel, Transport, Logistics, Education, BFSI, Media & Entertainment, Healthcare and Professional services. Social media presence defined as the company having its business page on social media sites. Sample consists of firms that are outside household and have a fixed structure (have an electric meter connection and a separate brick and mortar structure). "
India (Nationwide) Harness Indicator,"Percent of businesses with Social Media Presence (Retail, Food & Dining)",2016-2021,,,Kantar ITOPS,https://www.kantar.com/,,,TBA,,,,Social media presence defined as the company having its business page on social media sites. Sample consists of firms that are outside household and have a fixed structure (have an electric meter connection and a separate brick and mortar structure).
India (Nationwide) Protect Indicator,Number of complaints - UPI fraud,2021,complaints,,Indian Cyber Crime Coordination Centre. CyberPravaha. Fifth Quarterly Issue. Q2 2022.,,,,TBA,,,,
India (Nationwide) Protect Indicator,Number of complaints - Debit/Credit/Sim Swap fraud,2021,complaints,,Indian Cyber Crime Coordination Centre. CyberPravaha. Fifth Quarterly Issue. Q2 2022.,,,,TBA,,,,
India (Nationwide) Protect Indicator,Number of complaints - Internet banking fraud,2021,complaints,,Indian Cyber Crime Coordination Centre. CyberPravaha. Fifth Quarterly Issue. Q2 2022.,,,,TBA,,,,
India (Nationwide) Protect Indicator,Number of complaints - Total complaints reported,2021,complaints,,Indian Cyber Crime Coordination Centre. CyberPravaha. Fifth Quarterly Issue. Q2 2022.,,,,TBA,,,,
India (Nationwide) Protect Indicator,Number of Cyberattacks,2014-2020,thousands of cyberattacks,,"World Bank databank (secure servers), Statista (cyberattacks)",https://www.statista.com/statistics/1201177/india-number-of-cyber-attacks/; https://data.worldbank.org/indicator/IT.NET.SECR.P6 ,,,TBA,,,,
India (Nationwide) Protect Indicator,Number of secure servers,2014-2020,number of secure servers,,"World Bank databank (secure servers), Statista (cyberattacks)",https://www.statista.com/statistics/1201177/india-number-of-cyber-attacks/; https://data.worldbank.org/indicator/IT.NET.SECR.P7,,,TBA,,,,
Global Sustain Indicator,,,,,,,,,,,,,